-- phpMyAdmin SQL Dump
-- version 5.2.1
-- https://www.phpmyadmin.net/
--
-- Máy chủ: 127.0.0.1
-- Thời gian đã tạo: Th10 27, 2023 lúc 10:57 PM
-- Phiên bản máy phục vụ: 10.4.28-MariaDB
-- Phiên bản PHP: 8.2.4

SET SQL_MODE = "NO_AUTO_VALUE_ON_ZERO";
START TRANSACTION;
SET time_zone = "+00:00";


/*!40101 SET @OLD_CHARACTER_SET_CLIENT=@@CHARACTER_SET_CLIENT */;
/*!40101 SET @OLD_CHARACTER_SET_RESULTS=@@CHARACTER_SET_RESULTS */;
/*!40101 SET @OLD_COLLATION_CONNECTION=@@COLLATION_CONNECTION */;
/*!40101 SET NAMES utf8mb4 */;

--
-- Cơ sở dữ liệu: `hotelbooking`
--

-- --------------------------------------------------------

--
-- Cấu trúc bảng cho bảng `addresses`
--

CREATE TABLE `addresses` (
  `Id` int(11) NOT NULL,
  `HotelId` int(11) NOT NULL,
  `CountryId` int(11) NOT NULL,
  `CityId` int(11) NOT NULL,
  `AreaId` int(11) NOT NULL
) ENGINE=InnoDB DEFAULT CHARSET=utf8mb4 COLLATE=utf8mb4_general_ci;

--
-- Đang đổ dữ liệu cho bảng `addresses`
--

INSERT INTO `addresses` (`Id`, `HotelId`, `CountryId`, `CityId`, `AreaId`) VALUES
(1, 1, 9, 19, 4),
(2, 2, 9, 19, 1),
(3, 3, 9, 19, 13),
(4, 4, 9, 19, 14),
(5, 5, 9, 19, 11),
(6, 6, 9, 19, 15),
(7, 7, 9, 19, 4),
(8, 8, 9, 19, 14),
(9, 9, 9, 19, 2),
(10, 10, 9, 19, 6),
(11, 11, 9, 19, 11),
(12, 12, 9, 19, 9),
(13, 13, 9, 19, 8),
(14, 14, 9, 19, 3),
(15, 15, 9, 19, 4),
(16, 16, 9, 19, 10),
(17, 17, 9, 19, 9),
(18, 18, 9, 19, 4),
(19, 19, 9, 19, 13),
(20, 20, 9, 19, 4),
(21, 21, 9, 2, 130204),
(22, 22, 9, 1, 130475),
(23, 23, 9, 16, 130286),
(24, 24, 9, 13, 130437),
(25, 25, 9, 2, 130187),
(26, 26, 9, 14, 130201),
(27, 27, 9, 10, 130340),
(28, 28, 9, 3, 148323),
(29, 29, 9, 18, 130254),
(30, 30, 9, 20, 130349),
(31, 31, 9, 17, 130200),
(32, 32, 9, 9, 130498),
(33, 33, 9, 2, 130187),
(34, 34, 9, 1, 130304),
(35, 35, 9, 15, 130337),
(36, 36, 9, 12, 130235),
(37, 37, 9, 8, 130196),
(38, 38, 9, 16, 130562),
(39, 39, 9, 4, 130229),
(40, 40, 9, 1, 130479),
(41, 41, 9, 13, 130223),
(42, 42, 9, 8, 130611),
(43, 43, 9, 2, 130453),
(44, 44, 9, 10, 130351),
(45, 45, 9, 11, 130259),
(46, 46, 9, 20, 130349),
(47, 47, 9, 10, 130253),
(48, 48, 9, 15, 130337),
(49, 49, 9, 16, 130376),
(50, 50, 9, 3, 148323),
(51, 51, 9, 12, 130516),
(52, 52, 9, 18, 130627),
(53, 53, 9, 8, 130478),
(54, 54, 9, 10, 130351),
(55, 55, 9, 1, 130579),
(56, 56, 9, 13, 130223),
(57, 57, 9, 16, 130221),
(58, 58, 9, 10, 130590),
(59, 59, 9, 11, 130322),
(60, 60, 9, 20, 130484),
(61, 61, 9, 15, 130382),
(62, 62, 9, 7, 130544),
(63, 63, 9, 10, 130253),
(64, 64, 9, 16, 130562),
(65, 65, 9, 6, 130284),
(66, 66, 9, 5, 130195),
(67, 67, 9, 20, 130245),
(68, 68, 9, 15, 130243),
(69, 69, 9, 8, 130611),
(70, 70, 9, 12, 130236),
(71, 71, 9, 4, 130466),
(72, 72, 9, 10, 130435),
(73, 73, 9, 4, 130206),
(74, 74, 9, 13, 130347),
(75, 75, 9, 7, 130544),
(76, 76, 9, 18, 130627),
(77, 77, 9, 14, 130412),
(78, 78, 9, 13, 130326),
(79, 79, 9, 20, 130349),
(80, 80, 9, 2, 130187),
(81, 81, 9, 1, 130304),
(82, 82, 9, 11, 130322),
(83, 83, 9, 15, 130447),
(84, 84, 9, 10, 130435),
(85, 85, 9, 8, 130365),
(86, 86, 9, 11, 130358),
(87, 87, 9, 11, 130583),
(88, 88, 9, 15, 130557),
(89, 89, 9, 13, 130280),
(90, 90, 9, 11, 130259),
(91, 91, 9, 11, 130258),
(92, 92, 9, 6, 130173),
(93, 93, 9, 11, 130257),
(94, 94, 9, 20, 130350),
(95, 95, 9, 11, 130320),
(96, 96, 9, 13, 130582),
(97, 97, 9, 9, 130452),
(98, 98, 9, 6, 130284),
(99, 99, 9, 15, 130525),
(100, 100, 9, 2, 130204),
(101, 101, 9, 10, 130184),
(102, 102, 9, 14, 130587),
(103, 103, 9, 13, 130347),
(104, 104, 9, 14, 130587),
(105, 105, 9, 2, 130204),
(106, 106, 9, 20, 130350),
(107, 107, 9, 11, 130334),
(108, 108, 9, 11, 130322),
(109, 109, 9, 10, 130483),
(110, 110, 9, 10, 130589),
(111, 111, 9, 4, 130229),
(112, 112, 9, 9, 130452),
(113, 113, 9, 4, 130386),
(114, 114, 9, 17, 130188),
(115, 115, 9, 20, 130338),
(116, 116, 9, 16, 130438),
(117, 117, 9, 11, 130320),
(118, 118, 9, 1, 130579),
(119, 119, 9, 11, 130320),
(120, 120, 9, 9, 130344),
(121, 121, 9, 4, 130183),
(122, 122, 9, 1, 130579),
(123, 123, 9, 9, 130546),
(124, 124, 9, 9, 130344),
(125, 125, 9, 18, 130627),
(126, 126, 9, 15, 130525),
(127, 127, 9, 6, 130173),
(128, 128, 9, 10, 130607),
(129, 129, 9, 10, 130590),
(130, 130, 9, 13, 130280),
(131, 131, 9, 15, 130447),
(132, 132, 9, 4, 130300),
(133, 133, 9, 2, 130540),
(134, 134, 9, 2, 130540),
(135, 135, 9, 7, 130333),
(136, 136, 9, 9, 130452),
(137, 137, 9, 1, 130579),
(138, 138, 9, 2, 130187),
(139, 139, 9, 1, 130303),
(140, 140, 9, 10, 130184),
(141, 141, 9, 11, 130334),
(142, 142, 9, 4, 130386),
(143, 143, 9, 20, 130349),
(144, 144, 9, 15, 130557),
(145, 145, 9, 20, 130338),
(146, 146, 9, 11, 130583),
(147, 147, 9, 9, 130498),
(148, 148, 9, 13, 130280),
(149, 149, 9, 15, 130243),
(150, 150, 9, 16, 130274),
(151, 151, 9, 4, 130183),
(152, 152, 9, 4, 130466),
(153, 153, 9, 13, 130437),
(154, 154, 9, 14, 130595),
(155, 155, 9, 10, 130340),
(156, 156, 9, 16, 130376),
(157, 157, 9, 10, 130590),
(158, 158, 9, 10, 130589),
(159, 159, 9, 16, 130221),
(160, 160, 9, 9, 130546),
(161, 161, 9, 1, 130302),
(162, 162, 9, 13, 130326),
(163, 163, 9, 10, 130253),
(164, 164, 9, 8, 130528),
(165, 165, 9, 8, 130196),
(166, 166, 9, 4, 130231),
(167, 167, 9, 10, 130443),
(168, 168, 9, 14, 130586),
(169, 169, 9, 11, 130257),
(170, 170, 9, 2, 130187),
(171, 171, 9, 8, 130611),
(172, 172, 9, 16, 130562),
(173, 173, 9, 6, 130217),
(174, 174, 9, 9, 130344),
(175, 175, 9, 2, 130540),
(176, 176, 9, 13, 130582),
(177, 177, 9, 14, 130587),
(178, 178, 9, 12, 130548),
(179, 179, 9, 1, 130475),
(180, 180, 9, 10, 130589),
(181, 181, 9, 16, 130286),
(182, 182, 9, 16, 130562),
(183, 183, 9, 12, 130236),
(184, 184, 9, 12, 130236),
(185, 185, 9, 8, 130478),
(186, 186, 9, 4, 130466),
(187, 187, 9, 20, 130350),
(188, 188, 9, 20, 130338),
(189, 189, 9, 4, 130183),
(190, 190, 9, 11, 130358),
(191, 191, 9, 7, 130269),
(192, 192, 9, 8, 130611),
(193, 193, 9, 1, 130475),
(194, 194, 9, 1, 130567),
(195, 195, 9, 15, 130557),
(196, 196, 9, 11, 130549),
(197, 197, 9, 16, 130221),
(198, 198, 9, 16, 130274),
(199, 199, 9, 8, 130528),
(200, 200, 9, 12, 130406),
(201, 201, 9, 3, 148323),
(202, 202, 9, 14, 130586),
(203, 203, 9, 11, 130259),
(204, 204, 9, 10, 130184),
(205, 205, 9, 8, 130493),
(206, 206, 9, 4, 130444),
(207, 207, 9, 14, 130586),
(208, 208, 9, 18, 130254),
(209, 209, 9, 13, 130326),
(210, 210, 9, 2, 130267),
(211, 211, 9, 10, 130483),
(212, 212, 9, 3, 148324),
(213, 213, 9, 9, 130546),
(214, 214, 9, 2, 130453),
(215, 215, 9, 1, 130304),
(216, 216, 9, 13, 130326),
(217, 217, 9, 8, 130365),
(218, 218, 9, 1, 130475),
(219, 219, 9, 18, 130627),
(220, 220, 9, 13, 130347);

-- --------------------------------------------------------

--
-- Cấu trúc bảng cho bảng `areas`
--

CREATE TABLE `areas` (
  `Id` int(11) NOT NULL,
  `Name` longtext NOT NULL,
  `NoOfHotels` int(11) NOT NULL,
  `Latitude` double NOT NULL,
  `Longitude` double NOT NULL,
  `CityId` int(11) NOT NULL
) ENGINE=InnoDB DEFAULT CHARSET=utf8mb4 COLLATE=utf8mb4_general_ci;

--
-- Đang đổ dữ liệu cho bảng `areas`
--

INSERT INTO `areas` (`Id`, `Name`, `NoOfHotels`, `Latitude`, `Longitude`, `CityId`) VALUES
(1, 'Quận 1', 1, 10.82302, 106.62965, 19),
(2, 'Quận 3', 1, 10.82302, 106.62965, 19),
(3, 'Quận 4', 1, 10.82302, 106.62965, 19),
(4, 'Quận 5', 5, 10.82302, 106.62965, 19),
(5, 'Quận 6', 0, 10.82302, 106.62965, 19),
(6, 'Quận 7', 1, 10.82302, 106.62965, 19),
(7, 'Quận 8', 0, 10.82302, 106.62965, 19),
(8, 'Quận 10', 1, 10.82302, 106.62965, 19),
(9, 'Quận 11', 2, 10.82302, 106.62965, 19),
(10, 'Quận 12', 1, 10.82302, 106.62965, 19),
(11, 'Gò Vấp', 2, 10.82302, 106.62965, 19),
(12, 'Tân Bình', 0, 10.82302, 106.62965, 19),
(13, 'Tân Phú', 2, 10.82302, 106.62965, 19),
(14, 'Bình Thạnh', 2, 10.82302, 106.62965, 19),
(15, 'Bình Thạnh', 1, 10.82302, 106.62965, 19),
(16, 'Thành phố Thủ Đức', 0, 10.82302, 106.62965, 19),
(130172, 'Biên Hòa', 0, 10.94469, 106.82432, 9),
(130173, 'Buôn Ma Thuột', 2, 12.66747, 108.03775, 6),
(130183, 'Cao Bằng', 3, 22.66568, 106.25786, 4),
(130184, 'Cao Lãnh', 3, 10.46017, 105.63294, 10),
(130187, 'Cà Mau', 5, 9.17682, 105.15242, 2),
(130188, 'Cát Bà', 1, 20.72779, 107.04819, 17),
(130195, 'Da Nang', 1, 16.06778, 108.22083, 5),
(130196, 'Dien Bien Phu', 2, 21.38602, 103.02301, 8),
(130200, 'Haiphong', 1, 20.86481, 106.68345, 17),
(130201, 'Hanoi', 1, 21.0245, 105.84117, 14),
(130204, 'Huyen Nam Can', 3, 8.81531, 105.05574, 2),
(130206, 'Huyen Phuc Hoa', 1, 22.5384, 106.51039, 4),
(130217, 'Huyện Buôn Đôn', 1, 12.90396, 107.7387, 6),
(130221, 'Huyện Bình Giang', 3, 20.87586, 106.19138, 16),
(130223, 'Huyện Bình Lục', 2, 20.50126, 106.02959, 13),
(130229, 'Huyện Bảo Lac', 2, 22.90085, 105.73332, 4),
(130231, 'Huyện Bảo Lâm', 1, 22.87041, 105.4878, 4),
(130233, 'Huyện Bắc Bình', 0, 11.27571, 108.38506, 1),
(130235, 'Huyện Bắc Mê', 1, 22.75477, 105.29023, 12),
(130236, 'Huyện Bắc Quang', 3, 22.42301, 104.91831, 12),
(130243, 'Huyện Can Lộc', 2, 18.44414, 105.7635, 15),
(130245, 'Huyện Cao Phong', 1, 20.69532, 105.33559, 20),
(130253, 'Huyện Châu Thành', 3, 10.22543, 105.8238, 10),
(130254, 'Huyện Châu Thành A', 2, 9.93056, 105.64194, 18),
(130257, 'Huyện Chư Prông', 2, 13.59976, 107.81099, 11),
(130258, 'Huyện Chư Păh', 1, 14.15941, 107.98411, 11),
(130259, 'Huyện Chư Sê', 3, 13.74254, 108.08663, 11),
(130267, 'Huyện Cái Nước', 1, 9.00094, 105.04201, 2),
(130269, 'Huyện Cư Jút', 1, 12.69591, 107.76316, 7),
(130274, 'Huyện Cẩm Giàng', 2, 20.95, 106.21667, 16),
(130277, 'Huyện Cẩm Xuyên', 0, 18.19059, 106.00186, 15),
(130280, 'Huyện Duy Tiên', 3, 20.62803, 105.96193, 13),
(130283, 'Huyện Ea H\'Leo', 0, 13.31814, 108.07148, 6),
(130284, 'Huyện Ea Súp', 2, 13.18279, 107.79954, 6),
(130286, 'Huyện Gia Lộc', 2, 20.85164, 106.2913, 16),
(130300, 'Huyện Hà Quảng', 1, 22.90763, 106.12487, 4),
(130302, 'Huyện Hàm Thuận Bắc', 1, 11.14703, 108.08172, 1),
(130303, 'Huyện Hàm Thuận Nam', 1, 10.92101, 107.93325, 1),
(130304, 'Huyện Hàm Tân', 3, 10.76856, 107.64233, 1),
(130313, 'Huyện Hạ Lang', 0, 22.70933, 106.67657, 4),
(130320, 'Huyện Ia Grai', 3, 13.98937, 107.7374, 11),
(130322, 'Huyện KBang', 3, 14.30506, 108.49779, 11),
(130326, 'Huyện Kim Bảng', 4, 20.57254, 105.85043, 13),
(130329, 'Huyện Kinh Môn', 0, 21.01634, 106.50384, 16),
(130333, 'Huyện Krông Nô', 1, 12.36285, 107.83445, 7),
(130334, 'Huyện Krông Pa', 2, 13.23152, 108.65494, 11),
(130335, 'Huyện Kông Chro', 0, 13.73519, 108.59697, 11),
(130337, 'Huyện Kỳ Anh', 2, 18.05805, 106.2458, 15),
(130338, 'Huyện Kỳ Sơn', 3, 20.89631, 105.39659, 20),
(130340, 'Huyện Lai Vung', 2, 10.24051, 105.66327, 10),
(130344, 'Huyện Long Thành', 3, 10.76162, 107.02688, 9),
(130347, 'Huyện Lý Nhân', 3, 20.56422, 106.09455, 13),
(130349, 'Huyện Lương Sơn', 4, 20.8765, 105.51219, 20),
(130350, 'Huyện Lạc Thủy', 3, 20.49794, 105.74092, 20),
(130351, 'Huyện Lấp Vò', 2, 10.35918, 105.60611, 10),
(130358, 'Huyện Mang Yang', 2, 13.9284, 108.30246, 11),
(130365, 'Huyện Mường Nhé', 2, 22.10353, 102.58465, 8),
(130376, 'Huyện Nam Sách', 2, 21.00484, 106.34042, 16),
(130382, 'Huyện Nghi Xuân', 1, 18.62419, 105.76829, 15),
(130386, 'Huyện Nguyên Bình', 2, 22.624, 105.93248, 4),
(130406, 'Huyện Quang Bình', 1, 22.41507, 104.66018, 12),
(130412, 'Huyện Quốc Oai', 1, 20.9706, 105.61127, 14),
(130430, 'Huyện Tam Nông', 0, 10.72761, 105.52522, 10),
(130435, 'Huyện Thanh Bình', 2, 10.60137, 105.47811, 10),
(130437, 'Huyện Thanh Liêm', 2, 20.46249, 105.921, 13),
(130438, 'Huyện Thanh Miện', 1, 20.77953, 106.22218, 16),
(130443, 'Huyện Tháp Mười', 1, 10.54398, 105.81875, 10),
(130444, 'Huyện Thông Nông', 1, 22.80735, 105.95846, 4),
(130446, 'Huyện Thạch An', 0, 22.47654, 106.34237, 4),
(130447, 'Huyện Thạch Hà', 2, 18.35091, 105.81123, 15),
(130452, 'Huyện Thống Nhất', 3, 10.97764, 107.15909, 9),
(130453, 'Huyện Thới Bình', 2, 9.3579, 105.16023, 2),
(130466, 'Huyện Trà Lĩnh', 3, 22.80961, 106.32543, 4),
(130469, 'Huyện Trùng Khánh', 0, 22.83333, 106.56074, 4),
(130471, 'Huyện Trảng Bom', 0, 10.96624, 107.03614, 9),
(130475, 'Huyện Tuy Phong', 4, 11.34746, 108.70466, 1),
(130478, 'Huyện Tuần Giáo', 2, 21.69481, 103.41758, 8),
(130479, 'Huyện Tánh Linh', 1, 11.11367, 107.68427, 1),
(130483, 'Huyện Tân Hồng', 2, 10.87089, 105.49104, 10),
(130484, 'Huyện Tân Lạc', 1, 20.60557, 105.23399, 20),
(130485, 'Huyện Tân Phú', 0, 11.39867, 107.39976, 9),
(130493, 'Huyện Tủa Chùa', 1, 21.95357, 103.37332, 8),
(130498, 'Huyện Vĩnh Cửu', 2, 11.25725, 107.02773, 9),
(130508, 'Huyện Vị Xuyên', 0, 22.73096, 104.90827, 12),
(130511, 'Huyện Xín Mần', 0, 22.64148, 104.52089, 12),
(130516, 'Huyện Yên Minh', 1, 23.06992, 105.17865, 12),
(130525, 'Huyện Ðức Thọ', 2, 18.49699, 105.61016, 15),
(130528, 'Huyện Điện Biên Đông', 2, 21.25266, 103.269, 8),
(130540, 'Huyện Đầm Dơi', 3, 8.96029, 105.24107, 2),
(130544, 'Huyện Đắk R’Lấp', 2, 11.8799, 107.52244, 7),
(130546, 'Huyện Định Quán', 3, 11.21866, 107.33959, 9),
(130548, 'Huyện Đồng Văn', 1, 23.25449, 105.27626, 12),
(130549, 'Huyện Đức Cơ', 1, 13.78454, 107.6697, 11),
(130555, 'Hà Giang', 0, 22.82333, 104.98357, 12),
(130557, 'Hà Tĩnh', 3, 18.34282, 105.90569, 15),
(130558, 'Hà Đông', 0, 20.97136, 105.77876, 14),
(130562, 'Hải Dương', 4, 20.94099, 106.33302, 16),
(130567, 'La Gi', 1, 10.65993, 107.77206, 1),
(130579, 'Phan Thiết', 4, 10.92889, 108.10208, 1),
(130582, 'Phủ Lý', 2, 20.54531, 105.91221, 13),
(130583, 'Pleiku', 2, 13.98333, 108, 11),
(130586, 'Quận Ba Đình', 3, 21.03587, 105.82163, 14),
(130587, 'Quận Hà Đông', 3, 20.95482, 105.76851, 14),
(130589, 'Sa Dec', 3, 10.29085, 105.75635, 10),
(130590, 'Sa Dec city', 3, 10.3055, 105.74757, 10),
(130595, 'Sơn Tây', 1, 21.14053, 105.50686, 14),
(130601, 'Thành Phố Phan Thiết', 0, 10.937, 108.15778, 1),
(130607, 'Thị Trấn Tân Thành', 1, 10.25616, 105.5928, 10),
(130609, 'Thị Xã Chí Linh', 0, 21.13722, 106.39638, 16),
(130611, 'Thị Xã Mưòng Lay', 4, 22.03374, 103.12331, 8),
(130627, 'Vị Thanh', 4, 9.78449, 105.47012, 18),
(148322, 'Cần Thơ', 0, 10.11667, 105.5, 3),
(148323, 'Cờ Đỏ', 3, 10.09472222, 105.43194444, 3),
(148324, 'Thới Lai', 1, 10.06305556, 105.56083333, 3),
(148325, 'Vĩnh Thạnh', 0, 10.21916667, 105.40111111, 3);

-- --------------------------------------------------------

--
-- Cấu trúc bảng cho bảng `categories`
--

CREATE TABLE `categories` (
  `Id` int(11) NOT NULL,
  `Name` longtext NOT NULL
) ENGINE=InnoDB DEFAULT CHARSET=utf8mb4 COLLATE=utf8mb4_general_ci;

--
-- Đang đổ dữ liệu cho bảng `categories`
--

INSERT INTO `categories` (`Id`, `Name`) VALUES
(1, 'Homestay'),
(2, 'Nhà riêng'),
(3, 'Căn hộ'),
(4, 'Khách sạn'),
(5, 'Resort'),
(6, 'Nhà nghỉ');

-- --------------------------------------------------------

--
-- Cấu trúc bảng cho bảng `cities`
--

CREATE TABLE `cities` (
  `Id` int(11) NOT NULL,
  `Name` longtext NOT NULL,
  `Latitude` double NOT NULL,
  `Longitude` double NOT NULL,
  `ImageUrl` longtext NOT NULL,
  `NoOfHotels` int(11) NOT NULL,
  `CountryId` int(11) NOT NULL
) ENGINE=InnoDB DEFAULT CHARSET=utf8mb4 COLLATE=utf8mb4_general_ci;

--
-- Đang đổ dữ liệu cho bảng `cities`
--

INSERT INTO `cities` (`Id`, `Name`, `Latitude`, `Longitude`, `ImageUrl`, `NoOfHotels`, `CountryId`) VALUES
(1, 'Bình Thuận', 11.0903703, 108.0720781, 'https://img.freepik.com/free-photo/skyline-downtown-new-york-new-york-usa_268835-773.jpg?size=626&ext=jpg&ga=GA1.1.386372595.1698278400&semt=ais', 15, 9),
(2, 'Cà Mau', 9.1526728, 105.1960795, 'https://cdn.pixabay.com/photo/2017/01/18/16/46/hong-kong-1990268_640.jpg', 14, 9),
(3, 'Cần Thơ', 10.0341851, 105.7225507, 'https://cdn.thezebra.com/zfront/media/production/images/hero-sustainable-cities-new-york-.width-1500.format-jpeg.jpg', 4, 9),
(4, 'Cao Bằng', 22.635689, 106.2522143, 'https://refico.com.vn/wp-content/uploads/2021/07/4-1.jpg', 14, 9),
(5, 'Đà Nẵng', 16.0544068, 108.2021667, 'https://images.unsplash.com/photo-1477959858617-67f85cf4f1df?ixlib=rb-4.0.3&ixid=M3wxMjA3fDB8MHxzZWFyY2h8OHx8aG9jaGltaW5oJTIwY2l0eXxlbnwwfHwwfHx8MA%3D%3D&w=1000&q=80', 1, 9),
(6, 'Đắk Lắk', 12.7100116, 108.2377519, 'https://encrypted-tbn0.gstatic.com/images?q=tbn:ANd9GcT6odSAoKqBHJDD69pQexFpTOpd8uC6jNMNZQ&usqp=CAU', 5, 9),
(7, 'Đắk Nông', 12.2646476, 107.609806, 'https://encrypted-tbn0.gstatic.com/images?q=tbn:ANd9GcSoKMtniVOOfL7H7cx93h6j8swRHxb-yprXVQ&usqp=CAU', 4, 9),
(8, 'Điện Biên', 21.8042309, 103.1076525, 'https://encrypted-tbn0.gstatic.com/images?q=tbn:ANd9GcS1L8ydnmgIAZcF7_bAdAjgNygkVXr916kpiQ&usqp=CAU', 13, 9),
(9, 'Đồng Nai', 11.0686305, 107.1675976, 'https://encrypted-tbn0.gstatic.com/images?q=tbn:ANd9GcT6odSAoKqBHJDD69pQexFpTOpd8uC6jNMNZQ&usqp=CAU', 11, 9),
(10, 'Đồng Tháp', 10.4937989, 105.6881788, 'https://cdn.pixabay.com/photo/2017/01/18/16/46/hong-kong-1990268_640.jpg', 22, 9),
(11, 'Gia Lai', 13.8078943, 108.109375, 'https://encrypted-tbn0.gstatic.com/images?q=tbn:ANd9GcS1L8ydnmgIAZcF7_bAdAjgNygkVXr916kpiQ&usqp=CAU', 19, 9),
(12, 'Hà Giang', 22.8025588, 104.9784494, 'https://cf.bstatic.com/xdata/images/hotel/max1024x768/403064205.jpg?k=9fc8a0884821b9916a10eec3d5fa7f1defac649fe8b0cab552c39ac9bf5cdec4&o=&hp=1', 7, 9),
(13, 'Hà Nam', 20.5835196, 105.92299, 'https://cf.bstatic.com/xdata/images/hotel/max1024x768/403064205.jpg?k=9fc8a0884821b9916a10eec3d5fa7f1defac649fe8b0cab552c39ac9bf5cdec4&o=&hp=1', 16, 9),
(14, 'Hà Nội', 21.0277644, 105.8341598, 'https://img.freepik.com/free-photo/skyline-downtown-new-york-new-york-usa_268835-773.jpg?size=626&ext=jpg&ga=GA1.1.386372595.1698278400&semt=ais', 9, 9),
(15, 'Hà Tĩnh', 18.3559537, 105.8877494, 'https://cdn.pixabay.com/photo/2017/01/18/16/46/hong-kong-1990268_640.jpg', 12, 9),
(16, 'Hải Dương', 20.9373413, 106.3145542, 'https://i.insider.com/54d3d7dcecad04b3538b4567?width=1000&format=jpeg&auto=webp', 14, 9),
(17, 'Hải Phòng', 20.8449115, 106.6880841, 'https://encrypted-tbn0.gstatic.com/images?q=tbn:ANd9GcS1L8ydnmgIAZcF7_bAdAjgNygkVXr916kpiQ&usqp=CAU', 2, 9),
(18, 'Hậu Giang', 9.757898, 105.6412527, 'https://cf.bstatic.com/xdata/images/hotel/max1024x768/403064205.jpg?k=9fc8a0884821b9916a10eec3d5fa7f1defac649fe8b0cab552c39ac9bf5cdec4&o=&hp=1', 6, 9),
(19, 'Hồ Chí Minh', 10.8230989, 106.6296638, 'https://images.unsplash.com/photo-1477959858617-67f85cf4f1df?ixlib=rb-4.0.3&ixid=M3wxMjA3fDB8MHxzZWFyY2h8OHx8aG9jaGltaW5oJTIwY2l0eXxlbnwwfHwwfHx8MA%3D%3D&w=1000&q=80', 20, 9),
(20, 'Hòa Bình', 20.6861265, 105.3131185, 'https://i.insider.com/54d3d7dcecad04b3538b4567?width=1000&format=jpeg&auto=webp', 12, 9);

-- --------------------------------------------------------

--
-- Cấu trúc bảng cho bảng `countries`
--

CREATE TABLE `countries` (
  `Id` int(11) NOT NULL,
  `Name` longtext NOT NULL,
  `Iso2` longtext NOT NULL,
  `Latitude` double NOT NULL,
  `Longitude` double NOT NULL
) ENGINE=InnoDB DEFAULT CHARSET=utf8mb4 COLLATE=utf8mb4_general_ci;

--
-- Đang đổ dữ liệu cho bảng `countries`
--

INSERT INTO `countries` (`Id`, `Name`, `Iso2`, `Latitude`, `Longitude`) VALUES
(1, 'Australia', 'AU', -27, 133),
(2, 'Brazil', 'BR', -10, -55),
(3, 'Canada', 'CA', 60, -95),
(4, 'China', 'CN', 35, 105),
(5, 'France', 'FR', 46, 2),
(6, 'Japan', 'JP', 36, 138),
(7, 'South Korea', 'KR', 37, 127.5),
(8, 'United States', 'US', 38, -97),
(9, 'Vietnam', 'VN', 16.16666666, 107.83333333);

-- --------------------------------------------------------

--
-- Cấu trúc bảng cho bảng `facilities`
--

CREATE TABLE `facilities` (
  `Id` int(11) NOT NULL,
  `Name` longtext NOT NULL
) ENGINE=InnoDB DEFAULT CHARSET=utf8mb4 COLLATE=utf8mb4_general_ci;

--
-- Đang đổ dữ liệu cho bảng `facilities`
--

INSERT INTO `facilities` (`Id`, `Name`) VALUES
(1, 'tiếng Việt'),
(2, 'Tiếng Anh'),
(3, 'Phù hợp cho xe lăn'),
(4, 'Dịch vụ Internet'),
(5, 'Internet'),
(6, 'Wi-Fi miễn phí trong tất cả các phòng!'),
(7, 'Wi-Fi ở nơi công cộng'),
(8, 'Bể bơi [ngoài trời]'),
(9, 'Phòng tập'),
(10, 'Phòng xông ướt'),
(11, 'Spa/xông khô'),
(12, 'Xông khô'),
(13, 'bộ dụng cụ sơ cứu'),
(14, 'Có thể quyết định không tham gia vệ sinh phòng'),
(15, 'Dịch vụ thanh toán không sử dụng tiền mặt'),
(16, 'Dịch vụ vệ sinh cấp chuyên nghiệp'),
(17, 'Đồ che mặt cho nhân viên'),
(18, 'Giãn cách vật lý ít nhất 1 mét'),
(19, 'Giặt đồ vải lanh và quần áo bằng nước nóng'),
(20, 'khử trùng hằng ngày'),
(21, 'Khử trùng hằng ngày trong tất cả các phòng'),
(22, 'kiểm tra nhiệt độ cho khách và nhân viên'),
(23, 'Nhân viên được đào tạo về giao thức an toàn'),
(24, 'nhiệt kế cơ thể'),
(25, 'nước rửa tay'),
(26, 'Phòng được vệ sinh giữa các lần ở'),
(27, 'Sản phẩm làm sạch chống virus'),
(28, 'A la carte breakfast'),
(29, 'Bếp'),
(30, 'Nước đóng chai'),
(31, 'Quán cà phê'),
(32, 'Có cung cấp hóa đơn'),
(33, 'Cơ sở vật chất cho họp mặt/tiệc lớn'),
(34, 'Dịch vụ bưu chính'),
(35, 'Dịch vụ giặt là'),
(36, 'Dịch vụ ủi đồ'),
(37, 'dịch vụ văn phòng (fax & photocopy)'),
(38, 'Giặt khô'),
(39, 'Giữ hành lý'),
(40, 'hoàn toàn không hút thuốc'),
(41, 'Khu vực hút thuốc'),
(42, 'Máy điều hòa ở khu vực chung'),
(43, 'Nhân viên chăm sóc khách hàng'),
(44, 'Phòng máy giặt tự động'),
(45, 'Thang máy'),
(46, 'Phòng gia đình'),
(47, 'Bàn tiếp tân [24 giờ]'),
(48, 'Bảo vệ [24 giờ]'),
(49, 'Bình chữa cháy'),
(50, 'CCTV bên ngoài chỗ nghỉ'),
(51, 'CCTV trong khu vực chung'),
(52, 'Được phép đưa thú nuôi vào'),
(53, 'Nhận phòng [24 giờ]'),
(54, 'Phòng không hút thuốc'),
(55, 'Thiết bị báo cháy'),
(56, 'Tính năng an toàn/bảo mật'),
(57, 'bãi đậu xe (tính phí)'),
(58, 'Bãi đỗ xe [tại chỗ]'),
(59, 'Đưa đón sân bay'),
(60, 'Bàn làm việc'),
(61, 'Bếp nhỏ'),
(62, 'Dép đi trong nhà'),
(63, 'Dọn phòng hằng ngày'),
(64, 'Đầu báo khói'),
(65, 'Điện thoại'),
(66, 'Điều hòa'),
(67, 'Đồ vải lanh'),
(68, 'Gương'),
(69, 'Két sắt trong phòng'),
(70, 'Không gian làm việc cho máy tính xách tay'),
(71, 'Không hút thuốc'),
(72, 'Khu vực tiếp khách'),
(73, 'Lò vi sóng'),
(74, 'Máy sấy tóc'),
(75, 'Nước đóng chai miễn phí'),
(76, 'phòng tắm riêng'),
(77, 'Rèm che ánh sáng'),
(78, 'Thảm'),
(79, 'Tiện nghi là/ủi'),
(80, 'Truyền hình cáp/vệ tinh'),
(81, 'Tủ lạnh'),
(82, 'Tủ lạnh nhỏ trong phòng'),
(83, 'Tủ quần áo'),
(84, 'Vật dụng tắm rửa'),
(85, 'Vòi sen'),
(86, 'Wi-Fi [miễn phí]'),
(87, 'Electric kettle'),
(88, 'Áo choàng tắm'),
(89, 'Các loại khăn'),
(90, 'Gương'),
(91, 'Máy sấy tóc'),
(92, 'Vật dụng tắm rửa'),
(93, 'Điện thoại'),
(94, 'Tiện nghi bể bơi'),
(95, 'Truyền hình cáp/vệ tinh'),
(96, 'Wi-Fi miễn phí trong tất cả các phòng!'),
(97, 'Cách âm'),
(98, 'Dép đi trong nhà'),
(99, 'Dịch vụ báo thức'),
(100, 'Điều hòa'),
(101, 'Đồng hồ báo thức'),
(102, 'Đồ vải lanh'),
(103, 'Quạt'),
(104, 'Rèm che ánh sáng'),
(105, 'Đồ uống mời khách miễn phí'),
(106, 'Nước đóng chai miễn phí'),
(107, 'Trà miễn phí'),
(108, 'Tủ lạnh'),
(109, 'Tủ lạnh nhỏ trong phòng'),
(110, 'Bàn làm việc'),
(111, 'Có các phòng thông nhau'),
(112, 'Cửa sổ'),
(113, 'Đồ gỗ ngoài trời'),
(114, 'Ghế sofa'),
(115, 'Không gian làm việc cho máy tính xách tay'),
(116, 'Khu vực tiếp khách'),
(117, 'Phòng khách riêng'),
(118, 'Thùng rác'),
(119, 'Tủ quần áo'),
(120, 'Bình chữa cháy'),
(121, 'Đầu báo khói'),
(122, 'Đi lên bằng cầu thang'),
(123, 'Đi lên bằng thang máy'),
(124, 'Két sắt trong phòng'),
(125, 'Tính năng an toàn/bảo mật'),
(126, 'Tủ có khoá');

-- --------------------------------------------------------

--
-- Cấu trúc bảng cho bảng `groups`
--

CREATE TABLE `groups` (
  `Id` int(11) NOT NULL,
  `Name` longtext NOT NULL,
  `Order` int(11) NOT NULL
) ENGINE=InnoDB DEFAULT CHARSET=utf8mb4 COLLATE=utf8mb4_general_ci;

--
-- Đang đổ dữ liệu cho bảng `groups`
--

INSERT INTO `groups` (`Id`, `Name`, `Order`) VALUES
(1, 'Ngôn ngữ sử dụng', 1),
(2, 'Khả năng tiếp cận cho người khuyết tật', 2),
(3, 'Truy cập Internet', 4),
(4, 'Thư giãn & Vui chơi giải trí', 6),
(5, 'Độ sạch sẽ và an toàn', 7),
(6, 'Ăn uống', 8),
(7, 'Dịch vụ và tiện nghi', 9),
(8, 'Dành cho trẻ em', 10),
(9, 'Dễ dàng tiếp cận', 11),
(10, 'Đi lại', 12),
(11, 'Trang bị trong mọi phòng', 22),
(12, 'Bếp', 1000),
(13, 'Phòng tắm và vật dụng phòng tắm', 1000),
(14, 'Giải trí', 1000),
(15, 'Tiện nghi', 1000),
(16, 'Ăn uống', 1000),
(17, 'Bố trí và nội thất', 1000),
(18, 'Quần áo và Giặt ủi', 1000),
(19, 'Vật dụng an toàn và an ninh', 1000);

-- --------------------------------------------------------

--
-- Cấu trúc bảng cho bảng `guests`
--

CREATE TABLE `guests` (
  `Id` int(11) NOT NULL,
  `FirstName` longtext NOT NULL,
  `LastName` longtext NOT NULL,
  `Email` longtext NOT NULL,
  `CreatedBy` longtext DEFAULT NULL,
  `CreatedAt` datetime(6) DEFAULT NULL,
  `ModifiedBy` longtext DEFAULT NULL,
  `ModifiedAt` datetime(6) DEFAULT NULL,
  `PhoneNumber` longtext DEFAULT NULL
) ENGINE=InnoDB DEFAULT CHARSET=utf8mb4 COLLATE=utf8mb4_general_ci;

--
-- Đang đổ dữ liệu cho bảng `guests`
--

INSERT INTO `guests` (`Id`, `FirstName`, `LastName`, `Email`, `CreatedBy`, `CreatedAt`, `ModifiedBy`, `ModifiedAt`, `PhoneNumber`) VALUES
(1, 'Helene', 'Tremblay', 'Zena7@gmail.com', 'Anonymous', '2023-10-27 20:53:16.010228', 'Anonymous', '2023-10-27 20:53:16.010229', '344-209-8030'),
(2, 'Miles', 'Ernser', 'Bethel.Hamill@hotmail.com', 'Anonymous', '2023-10-27 20:53:16.010267', 'Anonymous', '2023-10-27 20:53:16.010267', '947-691-0855'),
(3, 'Karson', 'Reynolds', 'Trever_Stehr@yahoo.com', 'Anonymous', '2023-10-27 20:53:16.010286', 'Anonymous', '2023-10-27 20:53:16.010287', '789-609-9210'),
(4, 'Stephanie', 'Bradtke', 'Destiny40@yahoo.com', 'Anonymous', '2023-10-27 20:53:16.010295', 'Anonymous', '2023-10-27 20:53:16.010295', '270-877-3546'),
(5, 'Ernest', 'Keeling', 'Violette.Walsh@yahoo.com', 'Anonymous', '2023-10-27 20:53:16.010344', 'Anonymous', '2023-10-27 20:53:16.010344', '628-348-4613'),
(6, 'Carolyne', 'Nikolaus', 'Allie.Dach@yahoo.com', 'Anonymous', '2023-10-27 20:53:16.010349', 'Anonymous', '2023-10-27 20:53:16.010349', '558-292-4811'),
(7, 'Ignatius', 'Ebert', 'Jason61@yahoo.com', 'Anonymous', '2023-10-27 20:53:16.010354', 'Anonymous', '2023-10-27 20:53:16.010355', '812-373-9944'),
(8, 'Jerrell', 'Buckridge', 'Vella_Wiza@hotmail.com', 'Anonymous', '2023-10-27 20:53:16.010360', 'Anonymous', '2023-10-27 20:53:16.010360', '586-368-2279'),
(9, 'Brett', 'McKenzie', 'Jessy.Hansen@hotmail.com', 'Anonymous', '2023-10-27 20:53:16.010516', 'Anonymous', '2023-10-27 20:53:16.010516', '756-697-8559'),
(10, 'Gust', 'White', 'Trinity_Marks@yahoo.com', 'Anonymous', '2023-10-27 20:53:16.010689', 'Anonymous', '2023-10-27 20:53:16.010689', '990-329-6643');

-- --------------------------------------------------------

--
-- Cấu trúc bảng cho bảng `hotelfacilityhighlights`
--

CREATE TABLE `hotelfacilityhighlights` (
  `Id` int(11) NOT NULL,
  `Available` tinyint(1) NOT NULL,
  `HotelId` int(11) NOT NULL,
  `FacilityId` int(11) NOT NULL
) ENGINE=InnoDB DEFAULT CHARSET=utf8mb4 COLLATE=utf8mb4_general_ci;

--
-- Đang đổ dữ liệu cho bảng `hotelfacilityhighlights`
--

INSERT INTO `hotelfacilityhighlights` (`Id`, `Available`, `HotelId`, `FacilityId`) VALUES
(1, 1, 1, 21),
(2, 1, 1, 26),
(3, 1, 1, 82),
(4, 1, 1, 11),
(5, 1, 1, 49),
(6, 1, 2, 38),
(7, 1, 2, 8),
(8, 1, 2, 8),
(9, 1, 2, 105),
(10, 1, 2, 86),
(11, 1, 3, 76),
(12, 1, 3, 75),
(13, 1, 3, 44),
(14, 1, 3, 55),
(15, 1, 3, 60),
(16, 1, 4, 67),
(17, 1, 4, 13),
(18, 1, 4, 2),
(19, 1, 4, 13),
(20, 1, 4, 110),
(21, 1, 5, 78),
(22, 1, 5, 20),
(23, 1, 5, 95),
(24, 1, 5, 9),
(25, 1, 5, 67),
(26, 1, 6, 4),
(27, 1, 6, 63),
(28, 1, 6, 51),
(29, 1, 6, 23),
(30, 1, 6, 89),
(31, 1, 7, 8),
(32, 1, 7, 104),
(33, 1, 7, 83),
(34, 1, 7, 23),
(35, 1, 7, 95),
(36, 1, 8, 63),
(37, 1, 8, 18),
(38, 1, 8, 98),
(39, 1, 8, 66),
(40, 1, 8, 10),
(41, 1, 9, 76),
(42, 1, 9, 1),
(43, 1, 9, 125),
(44, 1, 9, 85),
(45, 1, 9, 24),
(46, 1, 10, 90),
(47, 1, 10, 76),
(48, 1, 10, 57),
(49, 1, 10, 29),
(50, 1, 10, 82),
(51, 1, 11, 100),
(52, 1, 11, 59),
(53, 1, 11, 5),
(54, 1, 11, 121),
(55, 1, 11, 51),
(56, 1, 12, 100),
(57, 1, 12, 20),
(58, 1, 12, 43),
(59, 1, 12, 35),
(60, 1, 12, 101),
(61, 1, 13, 111),
(62, 1, 13, 6),
(63, 1, 13, 39),
(64, 1, 13, 19),
(65, 1, 13, 21),
(66, 1, 14, 122),
(67, 1, 14, 1),
(68, 1, 14, 11),
(69, 1, 14, 103),
(70, 1, 14, 115),
(71, 1, 15, 105),
(72, 1, 15, 125),
(73, 1, 15, 83),
(74, 1, 15, 81),
(75, 1, 15, 105),
(76, 1, 16, 16),
(77, 1, 16, 4),
(78, 1, 16, 68),
(79, 1, 16, 3),
(80, 1, 16, 13),
(81, 1, 17, 30),
(82, 1, 17, 53),
(83, 1, 17, 98),
(84, 1, 17, 79),
(85, 1, 17, 31),
(86, 1, 18, 37),
(87, 1, 18, 113),
(88, 1, 18, 43),
(89, 1, 18, 41),
(90, 1, 18, 70),
(91, 1, 19, 78),
(92, 1, 19, 26),
(93, 1, 19, 12),
(94, 1, 19, 52),
(95, 1, 19, 90),
(96, 1, 20, 100),
(97, 1, 20, 105),
(98, 1, 20, 91),
(99, 1, 20, 82),
(100, 1, 20, 76);

-- --------------------------------------------------------

--
-- Cấu trúc bảng cho bảng `hotelgroupfacilities`
--

CREATE TABLE `hotelgroupfacilities` (
  `Id` int(11) NOT NULL,
  `Available` tinyint(1) NOT NULL,
  `FacilityId` int(11) NOT NULL,
  `HotelGroupId` int(11) NOT NULL
) ENGINE=InnoDB DEFAULT CHARSET=utf8mb4 COLLATE=utf8mb4_general_ci;

--
-- Đang đổ dữ liệu cho bảng `hotelgroupfacilities`
--

INSERT INTO `hotelgroupfacilities` (`Id`, `Available`, `FacilityId`, `HotelGroupId`) VALUES
(1, 1, 1, 1),
(2, 1, 2, 1),
(3, 1, 3, 2),
(4, 1, 4, 3),
(5, 1, 8, 4),
(6, 1, 9, 4),
(7, 1, 10, 4),
(8, 1, 13, 5),
(9, 1, 28, 6),
(10, 1, 29, 6),
(11, 1, 30, 6),
(12, 1, 31, 6),
(13, 1, 32, 7),
(14, 1, 33, 7),
(15, 1, 46, 8),
(16, 1, 47, 9),
(17, 1, 48, 9),
(18, 1, 49, 9),
(19, 1, 57, 10),
(20, 1, 58, 10),
(21, 1, 59, 10),
(22, 1, 60, 11),
(23, 1, 1, 12),
(24, 1, 2, 12),
(25, 1, 3, 13),
(26, 1, 4, 14),
(27, 1, 8, 15),
(28, 1, 9, 15),
(29, 1, 10, 15),
(30, 1, 11, 15),
(31, 1, 13, 16),
(32, 1, 14, 16),
(33, 1, 15, 16),
(34, 1, 16, 16),
(35, 1, 28, 17),
(36, 1, 29, 17),
(37, 1, 32, 18),
(38, 1, 46, 19),
(39, 1, 47, 20),
(40, 1, 57, 21),
(41, 1, 60, 22),
(42, 1, 61, 22),
(43, 1, 62, 22),
(44, 1, 1, 23),
(45, 1, 3, 24),
(46, 1, 4, 25),
(47, 1, 5, 25),
(48, 1, 8, 26),
(49, 1, 9, 26),
(50, 1, 13, 27),
(51, 1, 14, 27),
(52, 1, 15, 27),
(53, 1, 16, 27),
(54, 1, 28, 28),
(55, 1, 32, 29),
(56, 1, 33, 29),
(57, 1, 34, 29),
(58, 1, 46, 30),
(59, 1, 47, 31),
(60, 1, 57, 32),
(61, 1, 60, 33),
(62, 1, 61, 33),
(63, 1, 1, 34),
(64, 1, 3, 35),
(65, 1, 4, 36),
(66, 1, 5, 36),
(67, 1, 6, 36),
(68, 1, 7, 36),
(69, 1, 8, 37),
(70, 1, 9, 37),
(71, 1, 13, 38),
(72, 1, 14, 38),
(73, 1, 15, 38),
(74, 1, 28, 39),
(75, 1, 29, 39),
(76, 1, 30, 39),
(77, 1, 31, 39),
(78, 1, 32, 40),
(79, 1, 33, 40),
(80, 1, 34, 40),
(81, 1, 35, 40),
(82, 1, 46, 41),
(83, 1, 47, 42),
(84, 1, 48, 42),
(85, 1, 57, 43),
(86, 1, 60, 44),
(87, 1, 1, 45),
(88, 1, 3, 46),
(89, 1, 4, 47),
(90, 1, 5, 47),
(91, 1, 8, 48),
(92, 1, 9, 48),
(93, 1, 13, 49),
(94, 1, 14, 49),
(95, 1, 15, 49),
(96, 1, 16, 49),
(97, 1, 28, 50),
(98, 1, 29, 50),
(99, 1, 30, 50),
(100, 1, 31, 50),
(101, 1, 32, 51),
(102, 1, 33, 51),
(103, 1, 46, 52),
(104, 1, 47, 53),
(105, 1, 57, 54),
(106, 1, 58, 54),
(107, 1, 60, 55),
(108, 1, 61, 55),
(109, 1, 1, 56),
(110, 1, 2, 56),
(111, 1, 3, 57),
(112, 1, 4, 58),
(113, 1, 8, 59),
(114, 1, 13, 60),
(115, 1, 14, 60),
(116, 1, 28, 61),
(117, 1, 29, 61),
(118, 1, 30, 61),
(119, 1, 31, 61),
(120, 1, 32, 62),
(121, 1, 33, 62),
(122, 1, 46, 63),
(123, 1, 47, 64),
(124, 1, 57, 65),
(125, 1, 60, 66),
(126, 1, 1, 67),
(127, 1, 3, 68),
(128, 1, 4, 69),
(129, 1, 8, 70),
(130, 1, 9, 70),
(131, 1, 10, 70),
(132, 1, 13, 71),
(133, 1, 28, 72),
(134, 1, 29, 72),
(135, 1, 30, 72),
(136, 1, 31, 72),
(137, 1, 32, 73),
(138, 1, 33, 73),
(139, 1, 46, 74),
(140, 1, 47, 75),
(141, 1, 48, 75),
(142, 1, 57, 76),
(143, 1, 60, 77),
(144, 1, 61, 77),
(145, 1, 62, 77),
(146, 1, 1, 78),
(147, 1, 2, 78),
(148, 1, 3, 79),
(149, 1, 4, 80),
(150, 1, 8, 81),
(151, 1, 9, 81),
(152, 1, 10, 81),
(153, 1, 13, 82),
(154, 1, 14, 82),
(155, 1, 28, 83),
(156, 1, 32, 84),
(157, 1, 46, 85),
(158, 1, 47, 86),
(159, 1, 48, 86),
(160, 1, 49, 86),
(161, 1, 50, 86),
(162, 1, 57, 87),
(163, 1, 58, 87),
(164, 1, 59, 87),
(165, 1, 60, 88),
(166, 1, 61, 88),
(167, 1, 62, 88),
(168, 1, 1, 89),
(169, 1, 2, 89),
(170, 1, 3, 90),
(171, 1, 4, 91),
(172, 1, 5, 91),
(173, 1, 8, 92),
(174, 1, 9, 92),
(175, 1, 10, 92),
(176, 1, 11, 92),
(177, 1, 13, 93),
(178, 1, 14, 93),
(179, 1, 15, 93),
(180, 1, 28, 94),
(181, 1, 29, 94),
(182, 1, 30, 94),
(183, 1, 32, 95),
(184, 1, 33, 95),
(185, 1, 46, 96),
(186, 1, 47, 97),
(187, 1, 48, 97),
(188, 1, 49, 97),
(189, 1, 50, 97),
(190, 1, 57, 98),
(191, 1, 60, 99),
(192, 1, 61, 99),
(193, 1, 62, 99),
(194, 1, 63, 99),
(195, 1, 1, 100),
(196, 1, 2, 100),
(197, 1, 3, 101),
(198, 1, 4, 102),
(199, 1, 5, 102),
(200, 1, 8, 103),
(201, 1, 9, 103),
(202, 1, 10, 103),
(203, 1, 13, 104),
(204, 1, 14, 104),
(205, 1, 28, 105),
(206, 1, 29, 105),
(207, 1, 32, 106),
(208, 1, 46, 107),
(209, 1, 47, 108),
(210, 1, 48, 108),
(211, 1, 57, 109),
(212, 1, 58, 109),
(213, 1, 60, 110),
(214, 1, 61, 110),
(215, 1, 62, 110),
(216, 1, 63, 110),
(217, 1, 1, 111),
(218, 1, 2, 111),
(219, 1, 3, 112),
(220, 1, 4, 113),
(221, 1, 5, 113),
(222, 1, 6, 113),
(223, 1, 8, 114),
(224, 1, 9, 114),
(225, 1, 10, 114),
(226, 1, 11, 114),
(227, 1, 13, 115),
(228, 1, 14, 115),
(229, 1, 15, 115),
(230, 1, 28, 116),
(231, 1, 29, 116),
(232, 1, 30, 116),
(233, 1, 32, 117),
(234, 1, 33, 117),
(235, 1, 34, 117),
(236, 1, 35, 117),
(237, 1, 46, 118),
(238, 1, 47, 119),
(239, 1, 48, 119),
(240, 1, 49, 119),
(241, 1, 57, 120),
(242, 1, 60, 121),
(243, 1, 61, 121),
(244, 1, 62, 121),
(245, 1, 63, 121),
(246, 1, 1, 122),
(247, 1, 2, 122),
(248, 1, 3, 123),
(249, 1, 4, 124),
(250, 1, 5, 124),
(251, 1, 8, 125),
(252, 1, 9, 125),
(253, 1, 10, 125),
(254, 1, 11, 125),
(255, 1, 13, 126),
(256, 1, 14, 126),
(257, 1, 15, 126),
(258, 1, 28, 127),
(259, 1, 29, 127),
(260, 1, 30, 127),
(261, 1, 31, 127),
(262, 1, 32, 128),
(263, 1, 33, 128),
(264, 1, 46, 129),
(265, 1, 47, 130),
(266, 1, 48, 130),
(267, 1, 49, 130),
(268, 1, 57, 131),
(269, 1, 58, 131),
(270, 1, 59, 131),
(271, 1, 60, 132),
(272, 1, 61, 132),
(273, 1, 62, 132),
(274, 1, 1, 133),
(275, 1, 3, 134),
(276, 1, 4, 135),
(277, 1, 8, 136),
(278, 1, 9, 136),
(279, 1, 13, 137),
(280, 1, 14, 137),
(281, 1, 28, 138),
(282, 1, 29, 138),
(283, 1, 30, 138),
(284, 1, 32, 139),
(285, 1, 33, 139),
(286, 1, 34, 139),
(287, 1, 46, 140),
(288, 1, 47, 141),
(289, 1, 48, 141),
(290, 1, 49, 141),
(291, 1, 57, 142),
(292, 1, 58, 142),
(293, 1, 60, 143),
(294, 1, 61, 143),
(295, 1, 62, 143),
(296, 1, 63, 143),
(297, 1, 1, 144),
(298, 1, 2, 144),
(299, 1, 3, 145),
(300, 1, 4, 146),
(301, 1, 5, 146),
(302, 1, 6, 146),
(303, 1, 8, 147),
(304, 1, 9, 147),
(305, 1, 10, 147),
(306, 1, 11, 147),
(307, 1, 13, 148),
(308, 1, 14, 148),
(309, 1, 15, 148),
(310, 1, 28, 149),
(311, 1, 29, 149),
(312, 1, 32, 150),
(313, 1, 46, 151),
(314, 1, 47, 152),
(315, 1, 48, 152),
(316, 1, 49, 152),
(317, 1, 50, 152),
(318, 1, 57, 153),
(319, 1, 60, 154),
(320, 1, 61, 154),
(321, 1, 62, 154),
(322, 1, 63, 154),
(323, 1, 1, 155),
(324, 1, 2, 155),
(325, 1, 3, 156),
(326, 1, 4, 157),
(327, 1, 5, 157),
(328, 1, 6, 157),
(329, 1, 8, 158),
(330, 1, 9, 158),
(331, 1, 10, 158),
(332, 1, 11, 158),
(333, 1, 13, 159),
(334, 1, 14, 159),
(335, 1, 15, 159),
(336, 1, 16, 159),
(337, 1, 28, 160),
(338, 1, 32, 161),
(339, 1, 33, 161),
(340, 1, 34, 161),
(341, 1, 46, 162),
(342, 1, 47, 163),
(343, 1, 48, 163),
(344, 1, 49, 163),
(345, 1, 50, 163),
(346, 1, 57, 164),
(347, 1, 60, 165),
(348, 1, 61, 165),
(349, 1, 62, 165),
(350, 1, 1, 166),
(351, 1, 2, 166),
(352, 1, 3, 167),
(353, 1, 4, 168),
(354, 1, 5, 168),
(355, 1, 6, 168),
(356, 1, 8, 169),
(357, 1, 13, 170),
(358, 1, 14, 170),
(359, 1, 15, 170),
(360, 1, 16, 170),
(361, 1, 28, 171),
(362, 1, 29, 171),
(363, 1, 30, 171),
(364, 1, 32, 172),
(365, 1, 33, 172),
(366, 1, 34, 172),
(367, 1, 35, 172),
(368, 1, 46, 173),
(369, 1, 47, 174),
(370, 1, 48, 174),
(371, 1, 49, 174),
(372, 1, 57, 175),
(373, 1, 60, 176),
(374, 1, 1, 177),
(375, 1, 2, 177),
(376, 1, 3, 178),
(377, 1, 4, 179),
(378, 1, 5, 179),
(379, 1, 8, 180),
(380, 1, 13, 181),
(381, 1, 14, 181),
(382, 1, 15, 181),
(383, 1, 16, 181),
(384, 1, 28, 182),
(385, 1, 29, 182),
(386, 1, 32, 183),
(387, 1, 46, 184),
(388, 1, 47, 185),
(389, 1, 57, 186),
(390, 1, 58, 186),
(391, 1, 59, 186),
(392, 1, 60, 187),
(393, 1, 61, 187),
(394, 1, 1, 188),
(395, 1, 3, 189),
(396, 1, 4, 190),
(397, 1, 5, 190),
(398, 1, 6, 190),
(399, 1, 7, 190),
(400, 1, 8, 191),
(401, 1, 9, 191),
(402, 1, 13, 192),
(403, 1, 14, 192),
(404, 1, 15, 192),
(405, 1, 28, 193),
(406, 1, 29, 193),
(407, 1, 30, 193),
(408, 1, 31, 193),
(409, 1, 32, 194),
(410, 1, 33, 194),
(411, 1, 34, 194),
(412, 1, 46, 195),
(413, 1, 47, 196),
(414, 1, 48, 196),
(415, 1, 57, 197),
(416, 1, 58, 197),
(417, 1, 59, 197),
(418, 1, 60, 198),
(419, 1, 61, 198),
(420, 1, 1, 199),
(421, 1, 2, 199),
(422, 1, 3, 200),
(423, 1, 4, 201),
(424, 1, 5, 201),
(425, 1, 6, 201),
(426, 1, 7, 201),
(427, 1, 8, 202),
(428, 1, 9, 202),
(429, 1, 13, 203),
(430, 1, 14, 203),
(431, 1, 15, 203),
(432, 1, 16, 203),
(433, 1, 28, 204),
(434, 1, 29, 204),
(435, 1, 32, 205),
(436, 1, 33, 205),
(437, 1, 34, 205),
(438, 1, 35, 205),
(439, 1, 46, 206),
(440, 1, 47, 207),
(441, 1, 48, 207),
(442, 1, 49, 207),
(443, 1, 50, 207),
(444, 1, 57, 208),
(445, 1, 58, 208),
(446, 1, 59, 208),
(447, 1, 60, 209),
(448, 1, 61, 209),
(449, 1, 62, 209),
(450, 1, 1, 210),
(451, 1, 2, 210),
(452, 1, 3, 211),
(453, 1, 4, 212),
(454, 1, 5, 212),
(455, 1, 8, 213),
(456, 1, 13, 214),
(457, 1, 14, 214),
(458, 1, 15, 214),
(459, 1, 28, 215),
(460, 1, 29, 215),
(461, 1, 30, 215),
(462, 1, 32, 216),
(463, 1, 33, 216),
(464, 1, 46, 217),
(465, 1, 47, 218),
(466, 1, 48, 218),
(467, 1, 49, 218),
(468, 1, 57, 219),
(469, 1, 58, 219),
(470, 1, 59, 219),
(471, 1, 60, 220),
(472, 1, 61, 220),
(473, 1, 62, 220);

-- --------------------------------------------------------

--
-- Cấu trúc bảng cho bảng `hotelgroups`
--

CREATE TABLE `hotelgroups` (
  `Id` int(11) NOT NULL,
  `GroupId` int(11) NOT NULL,
  `HotelId` int(11) NOT NULL
) ENGINE=InnoDB DEFAULT CHARSET=utf8mb4 COLLATE=utf8mb4_general_ci;

--
-- Đang đổ dữ liệu cho bảng `hotelgroups`
--

INSERT INTO `hotelgroups` (`Id`, `GroupId`, `HotelId`) VALUES
(1, 1, 1),
(2, 2, 1),
(3, 3, 1),
(4, 4, 1),
(5, 5, 1),
(6, 6, 1),
(7, 7, 1),
(8, 8, 1),
(9, 9, 1),
(10, 10, 1),
(11, 11, 1),
(12, 1, 2),
(13, 2, 2),
(14, 3, 2),
(15, 4, 2),
(16, 5, 2),
(17, 6, 2),
(18, 7, 2),
(19, 8, 2),
(20, 9, 2),
(21, 10, 2),
(22, 11, 2),
(23, 1, 3),
(24, 2, 3),
(25, 3, 3),
(26, 4, 3),
(27, 5, 3),
(28, 6, 3),
(29, 7, 3),
(30, 8, 3),
(31, 9, 3),
(32, 10, 3),
(33, 11, 3),
(34, 1, 4),
(35, 2, 4),
(36, 3, 4),
(37, 4, 4),
(38, 5, 4),
(39, 6, 4),
(40, 7, 4),
(41, 8, 4),
(42, 9, 4),
(43, 10, 4),
(44, 11, 4),
(45, 1, 5),
(46, 2, 5),
(47, 3, 5),
(48, 4, 5),
(49, 5, 5),
(50, 6, 5),
(51, 7, 5),
(52, 8, 5),
(53, 9, 5),
(54, 10, 5),
(55, 11, 5),
(56, 1, 6),
(57, 2, 6),
(58, 3, 6),
(59, 4, 6),
(60, 5, 6),
(61, 6, 6),
(62, 7, 6),
(63, 8, 6),
(64, 9, 6),
(65, 10, 6),
(66, 11, 6),
(67, 1, 7),
(68, 2, 7),
(69, 3, 7),
(70, 4, 7),
(71, 5, 7),
(72, 6, 7),
(73, 7, 7),
(74, 8, 7),
(75, 9, 7),
(76, 10, 7),
(77, 11, 7),
(78, 1, 8),
(79, 2, 8),
(80, 3, 8),
(81, 4, 8),
(82, 5, 8),
(83, 6, 8),
(84, 7, 8),
(85, 8, 8),
(86, 9, 8),
(87, 10, 8),
(88, 11, 8),
(89, 1, 9),
(90, 2, 9),
(91, 3, 9),
(92, 4, 9),
(93, 5, 9),
(94, 6, 9),
(95, 7, 9),
(96, 8, 9),
(97, 9, 9),
(98, 10, 9),
(99, 11, 9),
(100, 1, 10),
(101, 2, 10),
(102, 3, 10),
(103, 4, 10),
(104, 5, 10),
(105, 6, 10),
(106, 7, 10),
(107, 8, 10),
(108, 9, 10),
(109, 10, 10),
(110, 11, 10),
(111, 1, 11),
(112, 2, 11),
(113, 3, 11),
(114, 4, 11),
(115, 5, 11),
(116, 6, 11),
(117, 7, 11),
(118, 8, 11),
(119, 9, 11),
(120, 10, 11),
(121, 11, 11),
(122, 1, 12),
(123, 2, 12),
(124, 3, 12),
(125, 4, 12),
(126, 5, 12),
(127, 6, 12),
(128, 7, 12),
(129, 8, 12),
(130, 9, 12),
(131, 10, 12),
(132, 11, 12),
(133, 1, 13),
(134, 2, 13),
(135, 3, 13),
(136, 4, 13),
(137, 5, 13),
(138, 6, 13),
(139, 7, 13),
(140, 8, 13),
(141, 9, 13),
(142, 10, 13),
(143, 11, 13),
(144, 1, 14),
(145, 2, 14),
(146, 3, 14),
(147, 4, 14),
(148, 5, 14),
(149, 6, 14),
(150, 7, 14),
(151, 8, 14),
(152, 9, 14),
(153, 10, 14),
(154, 11, 14),
(155, 1, 15),
(156, 2, 15),
(157, 3, 15),
(158, 4, 15),
(159, 5, 15),
(160, 6, 15),
(161, 7, 15),
(162, 8, 15),
(163, 9, 15),
(164, 10, 15),
(165, 11, 15),
(166, 1, 16),
(167, 2, 16),
(168, 3, 16),
(169, 4, 16),
(170, 5, 16),
(171, 6, 16),
(172, 7, 16),
(173, 8, 16),
(174, 9, 16),
(175, 10, 16),
(176, 11, 16),
(177, 1, 17),
(178, 2, 17),
(179, 3, 17),
(180, 4, 17),
(181, 5, 17),
(182, 6, 17),
(183, 7, 17),
(184, 8, 17),
(185, 9, 17),
(186, 10, 17),
(187, 11, 17),
(188, 1, 18),
(189, 2, 18),
(190, 3, 18),
(191, 4, 18),
(192, 5, 18),
(193, 6, 18),
(194, 7, 18),
(195, 8, 18),
(196, 9, 18),
(197, 10, 18),
(198, 11, 18),
(199, 1, 19),
(200, 2, 19),
(201, 3, 19),
(202, 4, 19),
(203, 5, 19),
(204, 6, 19),
(205, 7, 19),
(206, 8, 19),
(207, 9, 19),
(208, 10, 19),
(209, 11, 19),
(210, 1, 20),
(211, 2, 20),
(212, 3, 20),
(213, 4, 20),
(214, 5, 20),
(215, 6, 20),
(216, 7, 20),
(217, 8, 20),
(218, 9, 20),
(219, 10, 20),
(220, 11, 20);

-- --------------------------------------------------------

--
-- Cấu trúc bảng cho bảng `hotelimages`
--

CREATE TABLE `hotelimages` (
  `Id` int(11) NOT NULL,
  `ImageUrl` longtext NOT NULL,
  `HotelId` int(11) NOT NULL
) ENGINE=InnoDB DEFAULT CHARSET=utf8mb4 COLLATE=utf8mb4_general_ci;

--
-- Đang đổ dữ liệu cho bảng `hotelimages`
--

INSERT INTO `hotelimages` (`Id`, `ImageUrl`, `HotelId`) VALUES
(1, 'https://pix8.agoda.net/hotelImages/38459075/-1/7ee5f4b9cf5b9b1edef768952677d524.jpg?ce=0&s=1024x768', 1),
(2, 'https://q-xx.bstatic.com/xdata/images/hotel/max1024x768/493298128.jpg?k=b898c5dd20b0f8dfa0f6145ec74e6595feaf1404bdf0b23f45ba48aac37219ba&o=', 1),
(3, 'https://q-xx.bstatic.com/xdata/images/hotel/max1024x768/493302126.jpg?k=03eedc5ce60ee2bd328c925b75956bd4433c6af43264e0688e097f9fadcbc04a&o=', 1),
(4, 'https://pix8.agoda.net/hotelImages/38459075/713166186/fb504aaad00edbbe21f65472170bb4a8.jpg?ce=0&s=1024x768', 2),
(5, 'https://pix8.agoda.net/hotelImages/22423667/-1/4c065f5984bd5d0eed45ab3c912532ae.jpg?ca=19&ce=1&s=1024x768', 2),
(6, 'https://pix8.agoda.net/hotelImages/38459075/-1/7ee5f4b9cf5b9b1edef768952677d524.jpg?ce=0&s=1024x768', 2),
(7, 'https://q-xx.bstatic.com/xdata/images/hotel/max1024x768/181459640.jpg?k=9cd6a436992a1ed2190e47babb9e96bbedc304fd939e7910b83b3bddff52f2bf&o=', 3),
(8, 'https://pix8.agoda.net/hotelImages/38459075/-1/98f45139b58fd44b5e93944a601f747e.jpg?ce=0&s=1024x768', 3),
(9, 'https://pix8.agoda.net/hotelImages/38459075/-1/b410b56d6fd02558be2ce8985dc0d4a0.jpg?ce=0&s=1024x768', 3),
(10, 'https://q-xx.bstatic.com/xdata/images/hotel/max1024x768/493298128.jpg?k=b898c5dd20b0f8dfa0f6145ec74e6595feaf1404bdf0b23f45ba48aac37219ba&o=', 4),
(11, 'https://pix8.agoda.net/hotelImages/38459075/-1/7ee5f4b9cf5b9b1edef768952677d524.jpg?ce=0&s=1024x768', 4),
(12, 'https://pix8.agoda.net/hotelImages/38459075/-1/b410b56d6fd02558be2ce8985dc0d4a0.jpg?ce=0&s=1024x768', 4),
(13, 'https://pix8.agoda.net/hotelImages/22423667/-1/b1976c4692ec37f0ac0a6ae080be9e77.jpg?ca=19&ce=1&s=1024x768', 5),
(14, 'https://pix8.agoda.net/hotelImages/38459075/-1/0effec28e2c61f0b491aade4661b493a.jpg?ce=0&s=1024x768', 5),
(15, 'https://q-xx.bstatic.com/xdata/images/hotel/max1024x768/493298128.jpg?k=b898c5dd20b0f8dfa0f6145ec74e6595feaf1404bdf0b23f45ba48aac37219ba&o=', 5),
(16, 'https://pix8.agoda.net/hotelImages/38459075/713166186/fb504aaad00edbbe21f65472170bb4a8.jpg?ce=0&s=1024x768', 6),
(17, 'https://q-xx.bstatic.com/xdata/images/hotel/max1024x768/493298128.jpg?k=b898c5dd20b0f8dfa0f6145ec74e6595feaf1404bdf0b23f45ba48aac37219ba&o=', 6),
(18, 'https://q-xx.bstatic.com/xdata/images/hotel/max1024x768/181459623.jpg?k=f2d0f407e8e953a04f07ec243e36b02a40b9894ab7c52bf3e9dc6118cfa7f600&o=', 6),
(19, 'https://pix8.agoda.net/hotelImages/38459075/-1/0effec28e2c61f0b491aade4661b493a.jpg?ce=0&s=1024x768', 7),
(20, 'https://pix8.agoda.net/hotelImages/38459075/-1/472c1e435822833871845e943fc3c685.jpg?ce=0&s=1024x768', 7),
(21, 'https://q-xx.bstatic.com/xdata/images/hotel/max1024x768/181459627.jpg?k=ef0cdfa53710636fa8744a8f032507e979a8b46321ab2b3d01d13fc29a97f8d5&o=', 7),
(22, 'https://pix8.agoda.net/hotelImages/38459075/-1/b410b56d6fd02558be2ce8985dc0d4a0.jpg?ce=0&s=1024x768', 8),
(23, 'https://q-xx.bstatic.com/xdata/images/hotel/max1024x768/493292953.jpg?k=b4e1b755648dddc40c7d75ff09539ce9e19ccd6c3d277f66f352f24447c377e5&o=', 8),
(24, 'https://pix8.agoda.net/hotelImages/38459075/-1/9974724aaf93398c639aa7c3e9c8d269.jpg?ce=0&s=1024x768', 8),
(25, 'https://q-xx.bstatic.com/xdata/images/hotel/max1024x768/493298294.jpg?k=1a8526f563dea7f0f4c380407c0a3c1c40094180d3f132e212b7d7fe549c3822&o=', 9),
(26, 'https://q-xx.bstatic.com/xdata/images/hotel/max1024x768/181459632.jpg?k=4a1019679ec6784af5a2a59a893e2085b039f97ec8132aaf60a5301fbf24ebd4&o=', 9),
(27, 'https://pix8.agoda.net/hotelImages/22423667/-1/b1976c4692ec37f0ac0a6ae080be9e77.jpg?ca=19&ce=1&s=1024x768', 9),
(28, 'https://pix8.agoda.net/hotelImages/38459075/-1/ed056271477a62caa5f5bbdff538924b.jpg?ce=0&s=1024x768', 10),
(29, 'https://q-xx.bstatic.com/xdata/images/hotel/max1024x768/493302126.jpg?k=03eedc5ce60ee2bd328c925b75956bd4433c6af43264e0688e097f9fadcbc04a&o=', 10),
(30, 'https://q-xx.bstatic.com/xdata/images/hotel/max1024x768/181459623.jpg?k=f2d0f407e8e953a04f07ec243e36b02a40b9894ab7c52bf3e9dc6118cfa7f600&o=', 10),
(31, 'https://pix8.agoda.net/hotelImages/38459075/-1/b410b56d6fd02558be2ce8985dc0d4a0.jpg?ce=0&s=1024x768', 11),
(32, 'https://pix8.agoda.net/hotelImages/38459075/-1/ce8d83117a62e96bab24082e8e64c48b.jpg?ce=0&s=1024x768', 11),
(33, 'https://pix8.agoda.net/hotelImages/22423667/-1/b1976c4692ec37f0ac0a6ae080be9e77.jpg?ca=19&ce=1&s=1024x768', 11),
(34, 'https://pix8.agoda.net/hotelImages/38459075/-1/98f45139b58fd44b5e93944a601f747e.jpg?ce=0&s=1024x768', 12),
(35, 'https://q-xx.bstatic.com/xdata/images/hotel/max1024x768/493298102.jpg?k=63128c6ae8fe80e23101878e33b90d1cf7454e73fa6a1e5321596a5684401d63&o=', 12),
(36, 'https://q-xx.bstatic.com/xdata/images/hotel/max1024x768/493298161.jpg?k=c297ae9be1c60ea2bd58da16254ffa4701af063adf675fa1bc478f4195b8f65c&o=', 12),
(37, 'https://q-xx.bstatic.com/xdata/images/hotel/max1024x768/493302126.jpg?k=03eedc5ce60ee2bd328c925b75956bd4433c6af43264e0688e097f9fadcbc04a&o=', 13),
(38, 'https://q-xx.bstatic.com/xdata/images/hotel/max1024x768/493292951.jpg?k=aace5df906d7aa01a70eee43343b8b3a00be0f35348bbf057871403c3665276e&o=', 13),
(39, 'https://q-xx.bstatic.com/xdata/images/hotel/max1024x768/181459623.jpg?k=f2d0f407e8e953a04f07ec243e36b02a40b9894ab7c52bf3e9dc6118cfa7f600&o=', 13),
(40, 'https://pix8.agoda.net/hotelImages/38459075/-1/98f45139b58fd44b5e93944a601f747e.jpg?ce=0&s=1024x768', 14),
(41, 'https://q-xx.bstatic.com/xdata/images/hotel/max1024x768/493302126.jpg?k=03eedc5ce60ee2bd328c925b75956bd4433c6af43264e0688e097f9fadcbc04a&o=', 14),
(42, 'https://q-xx.bstatic.com/xdata/images/hotel/max1024x768/493298128.jpg?k=b898c5dd20b0f8dfa0f6145ec74e6595feaf1404bdf0b23f45ba48aac37219ba&o=', 14),
(43, 'https://pix8.agoda.net/hotelImages/38459075/-1/ed056271477a62caa5f5bbdff538924b.jpg?ce=0&s=1024x768', 15),
(44, 'https://q-xx.bstatic.com/xdata/images/hotel/max1024x768/181459625.jpg?k=7975da0b8f56b264f73235aff209c9ee031a6a566aa488d91bc69d12df642a6e&o=', 15),
(45, 'https://pix8.agoda.net/hotelImages/22423667/-1/212427ca112689f84ad768806f5cad04.jpg?ca=19&ce=1&s=1024x768', 15),
(46, 'https://q-xx.bstatic.com/xdata/images/hotel/max1024x768/493292953.jpg?k=b4e1b755648dddc40c7d75ff09539ce9e19ccd6c3d277f66f352f24447c377e5&o=', 16),
(47, 'https://q-xx.bstatic.com/xdata/images/hotel/max1024x768/181459627.jpg?k=ef0cdfa53710636fa8744a8f032507e979a8b46321ab2b3d01d13fc29a97f8d5&o=', 16),
(48, 'https://pix8.agoda.net/hotelImages/38459075/713166186/fb504aaad00edbbe21f65472170bb4a8.jpg?ce=0&s=1024x768', 16),
(49, 'https://pix8.agoda.net/hotelImages/38459075/-1/472c1e435822833871845e943fc3c685.jpg?ce=0&s=1024x768', 17),
(50, 'https://q-xx.bstatic.com/xdata/images/hotel/max1024x768/181459625.jpg?k=7975da0b8f56b264f73235aff209c9ee031a6a566aa488d91bc69d12df642a6e&o=', 17),
(51, 'https://pix8.agoda.net/hotelImages/38459075/-1/613f1605cc26ddbe5ad9bed3833990aa.jpg?ce=0&s=1024x768', 17),
(52, 'https://q-xx.bstatic.com/xdata/images/hotel/max1024x768/493298294.jpg?k=1a8526f563dea7f0f4c380407c0a3c1c40094180d3f132e212b7d7fe549c3822&o=', 18),
(53, 'https://pix8.agoda.net/hotelImages/38459075/-1/472c1e435822833871845e943fc3c685.jpg?ce=0&s=1024x768', 18),
(54, 'https://pix8.agoda.net/hotelImages/38459075/-1/98f45139b58fd44b5e93944a601f747e.jpg?ce=0&s=1024x768', 18),
(55, 'https://pix8.agoda.net/hotelImages/38459075/-1/613f1605cc26ddbe5ad9bed3833990aa.jpg?ce=0&s=1024x768', 19),
(56, 'https://q-xx.bstatic.com/xdata/images/hotel/max1024x768/181459640.jpg?k=9cd6a436992a1ed2190e47babb9e96bbedc304fd939e7910b83b3bddff52f2bf&o=', 19),
(57, 'https://pix8.agoda.net/hotelImages/38459075/-1/7ee5f4b9cf5b9b1edef768952677d524.jpg?ce=0&s=1024x768', 19),
(58, 'https://pix8.agoda.net/hotelImages/38459075/-1/613f1605cc26ddbe5ad9bed3833990aa.jpg?ce=0&s=1024x768', 20),
(59, 'https://pix8.agoda.net/hotelImages/38459075/-1/0effec28e2c61f0b491aade4661b493a.jpg?ce=0&s=1024x768', 20),
(60, 'https://pix8.agoda.net/hotelImages/38459075/-1/9974724aaf93398c639aa7c3e9c8d269.jpg?ce=0&s=1024x768', 20),
(61, 'https://q-xx.bstatic.com/xdata/images/hotel/max1024x768/493302126.jpg?k=03eedc5ce60ee2bd328c925b75956bd4433c6af43264e0688e097f9fadcbc04a&o=', 21),
(62, 'https://pix8.agoda.net/hotelImages/38459075/713166186/fb504aaad00edbbe21f65472170bb4a8.jpg?ce=0&s=1024x768', 22),
(63, 'https://pix8.agoda.net/hotelImages/38459075/713166186/fb504aaad00edbbe21f65472170bb4a8.jpg?ce=0&s=1024x768', 23),
(64, 'https://pix8.agoda.net/hotelImages/38459075/-1/613f1605cc26ddbe5ad9bed3833990aa.jpg?ce=0&s=1024x768', 24),
(65, 'https://q-xx.bstatic.com/xdata/images/hotel/max1024x768/181459623.jpg?k=f2d0f407e8e953a04f07ec243e36b02a40b9894ab7c52bf3e9dc6118cfa7f600&o=', 25),
(66, 'https://pix8.agoda.net/hotelImages/38459075/-1/472c1e435822833871845e943fc3c685.jpg?ce=0&s=1024x768', 26),
(67, 'https://q-xx.bstatic.com/xdata/images/hotel/max1024x768/493292951.jpg?k=aace5df906d7aa01a70eee43343b8b3a00be0f35348bbf057871403c3665276e&o=', 27),
(68, 'https://q-xx.bstatic.com/xdata/images/hotel/max1024x768/181459632.jpg?k=4a1019679ec6784af5a2a59a893e2085b039f97ec8132aaf60a5301fbf24ebd4&o=', 28),
(69, 'https://q-xx.bstatic.com/xdata/images/hotel/max1024x768/181459627.jpg?k=ef0cdfa53710636fa8744a8f032507e979a8b46321ab2b3d01d13fc29a97f8d5&o=', 29),
(70, 'https://q-xx.bstatic.com/xdata/images/hotel/max1024x768/493298102.jpg?k=63128c6ae8fe80e23101878e33b90d1cf7454e73fa6a1e5321596a5684401d63&o=', 30),
(71, 'https://pix8.agoda.net/hotelImages/22423667/-1/5c5132fd165dfabd8fdbeb62990eb910.jpg?ca=19&ce=1&s=1024x768', 31),
(72, 'https://pix8.agoda.net/hotelImages/38459075/-1/b410b56d6fd02558be2ce8985dc0d4a0.jpg?ce=0&s=1024x768', 32),
(73, 'https://q-xx.bstatic.com/xdata/images/hotel/max1024x768/493298128.jpg?k=b898c5dd20b0f8dfa0f6145ec74e6595feaf1404bdf0b23f45ba48aac37219ba&o=', 33),
(74, 'https://pix8.agoda.net/hotelImages/38459075/-1/ce8d83117a62e96bab24082e8e64c48b.jpg?ce=0&s=1024x768', 34),
(75, 'https://q-xx.bstatic.com/xdata/images/hotel/max1024x768/493302986.jpg?k=c3c8bd4d6062e095441923d442c2f5a890621103d377ac766d108a37423cd22f&o=', 35),
(76, 'https://pix8.agoda.net/hotelImages/38459075/-1/472c1e435822833871845e943fc3c685.jpg?ce=0&s=1024x768', 36),
(77, 'https://pix8.agoda.net/hotelImages/38459075/-1/b410b56d6fd02558be2ce8985dc0d4a0.jpg?ce=0&s=1024x768', 37),
(78, 'https://pix8.agoda.net/hotelImages/22423667/-1/4c065f5984bd5d0eed45ab3c912532ae.jpg?ca=19&ce=1&s=1024x768', 38),
(79, 'https://pix8.agoda.net/hotelImages/38459075/-1/7ee5f4b9cf5b9b1edef768952677d524.jpg?ce=0&s=1024x768', 39),
(80, 'https://pix8.agoda.net/hotelImages/38459075/-1/98f45139b58fd44b5e93944a601f747e.jpg?ce=0&s=1024x768', 40),
(81, 'https://q-xx.bstatic.com/xdata/images/hotel/max1024x768/493302126.jpg?k=03eedc5ce60ee2bd328c925b75956bd4433c6af43264e0688e097f9fadcbc04a&o=', 41),
(82, 'https://pix8.agoda.net/hotelImages/38459075/-1/ed056271477a62caa5f5bbdff538924b.jpg?ce=0&s=1024x768', 42),
(83, 'https://q-xx.bstatic.com/xdata/images/hotel/max1024x768/181459625.jpg?k=7975da0b8f56b264f73235aff209c9ee031a6a566aa488d91bc69d12df642a6e&o=', 43),
(84, 'https://q-xx.bstatic.com/xdata/images/hotel/max1024x768/181459632.jpg?k=4a1019679ec6784af5a2a59a893e2085b039f97ec8132aaf60a5301fbf24ebd4&o=', 44),
(85, 'https://pix8.agoda.net/hotelImages/38459075/-1/472c1e435822833871845e943fc3c685.jpg?ce=0&s=1024x768', 45),
(86, 'https://q-xx.bstatic.com/xdata/images/hotel/max1024x768/181459625.jpg?k=7975da0b8f56b264f73235aff209c9ee031a6a566aa488d91bc69d12df642a6e&o=', 46),
(87, 'https://q-xx.bstatic.com/xdata/images/hotel/max1024x768/181459627.jpg?k=ef0cdfa53710636fa8744a8f032507e979a8b46321ab2b3d01d13fc29a97f8d5&o=', 47),
(88, 'https://q-xx.bstatic.com/xdata/images/hotel/max1024x768/181459623.jpg?k=f2d0f407e8e953a04f07ec243e36b02a40b9894ab7c52bf3e9dc6118cfa7f600&o=', 48),
(89, 'https://pix8.agoda.net/hotelImages/38459075/713166186/fb504aaad00edbbe21f65472170bb4a8.jpg?ce=0&s=1024x768', 49),
(90, 'https://q-xx.bstatic.com/xdata/images/hotel/max1024x768/181459625.jpg?k=7975da0b8f56b264f73235aff209c9ee031a6a566aa488d91bc69d12df642a6e&o=', 50),
(91, 'https://q-xx.bstatic.com/xdata/images/hotel/max1024x768/493302126.jpg?k=03eedc5ce60ee2bd328c925b75956bd4433c6af43264e0688e097f9fadcbc04a&o=', 51),
(92, 'https://q-xx.bstatic.com/xdata/images/hotel/max1024x768/493298161.jpg?k=c297ae9be1c60ea2bd58da16254ffa4701af063adf675fa1bc478f4195b8f65c&o=', 52),
(93, 'https://q-xx.bstatic.com/xdata/images/hotel/max1024x768/493295236.jpg?k=4401f96b7af5ce237e8ee37ed1c2b1a1df01727c2bbb85725971e41dfe1d43b8&o=', 53),
(94, 'https://q-xx.bstatic.com/xdata/images/hotel/max1024x768/493298102.jpg?k=63128c6ae8fe80e23101878e33b90d1cf7454e73fa6a1e5321596a5684401d63&o=', 54),
(95, 'https://q-xx.bstatic.com/xdata/images/hotel/max1024x768/181459632.jpg?k=4a1019679ec6784af5a2a59a893e2085b039f97ec8132aaf60a5301fbf24ebd4&o=', 55),
(96, 'https://pix8.agoda.net/hotelImages/38459075/713166186/fb504aaad00edbbe21f65472170bb4a8.jpg?ce=0&s=1024x768', 56),
(97, 'https://pix8.agoda.net/hotelImages/22423667/-1/4c065f5984bd5d0eed45ab3c912532ae.jpg?ca=19&ce=1&s=1024x768', 57),
(98, 'https://q-xx.bstatic.com/xdata/images/hotel/max1024x768/493292951.jpg?k=aace5df906d7aa01a70eee43343b8b3a00be0f35348bbf057871403c3665276e&o=', 58),
(99, 'https://q-xx.bstatic.com/xdata/images/hotel/max1024x768/181459627.jpg?k=ef0cdfa53710636fa8744a8f032507e979a8b46321ab2b3d01d13fc29a97f8d5&o=', 59),
(100, 'https://pix8.agoda.net/hotelImages/38459075/-1/9974724aaf93398c639aa7c3e9c8d269.jpg?ce=0&s=1024x768', 60),
(101, 'https://q-xx.bstatic.com/xdata/images/hotel/max1024x768/493292953.jpg?k=b4e1b755648dddc40c7d75ff09539ce9e19ccd6c3d277f66f352f24447c377e5&o=', 61),
(102, 'https://q-xx.bstatic.com/xdata/images/hotel/max1024x768/493298161.jpg?k=c297ae9be1c60ea2bd58da16254ffa4701af063adf675fa1bc478f4195b8f65c&o=', 62),
(103, 'https://q-xx.bstatic.com/xdata/images/hotel/max1024x768/181459632.jpg?k=4a1019679ec6784af5a2a59a893e2085b039f97ec8132aaf60a5301fbf24ebd4&o=', 63),
(104, 'https://pix8.agoda.net/hotelImages/38459075/-1/71cb3cd18d95678f98c222c4b2927950.jpg?ce=0&s=1024x768', 64),
(105, 'https://q-xx.bstatic.com/xdata/images/hotel/max1024x768/181459623.jpg?k=f2d0f407e8e953a04f07ec243e36b02a40b9894ab7c52bf3e9dc6118cfa7f600&o=', 65),
(106, 'https://pix8.agoda.net/hotelImages/38459075/-1/ce8d83117a62e96bab24082e8e64c48b.jpg?ce=0&s=1024x768', 66),
(107, 'https://pix8.agoda.net/hotelImages/38459075/-1/98f45139b58fd44b5e93944a601f747e.jpg?ce=0&s=1024x768', 67),
(108, 'https://pix8.agoda.net/hotelImages/38459075/-1/0effec28e2c61f0b491aade4661b493a.jpg?ce=0&s=1024x768', 68),
(109, 'https://q-xx.bstatic.com/xdata/images/hotel/max1024x768/493292953.jpg?k=b4e1b755648dddc40c7d75ff09539ce9e19ccd6c3d277f66f352f24447c377e5&o=', 69),
(110, 'https://pix8.agoda.net/hotelImages/38459075/-1/0effec28e2c61f0b491aade4661b493a.jpg?ce=0&s=1024x768', 70),
(111, 'https://pix8.agoda.net/hotelImages/22423667/-1/b1976c4692ec37f0ac0a6ae080be9e77.jpg?ca=19&ce=1&s=1024x768', 71),
(112, 'https://q-xx.bstatic.com/xdata/images/hotel/max1024x768/493298161.jpg?k=c297ae9be1c60ea2bd58da16254ffa4701af063adf675fa1bc478f4195b8f65c&o=', 72),
(113, 'https://q-xx.bstatic.com/xdata/images/hotel/max1024x768/181459640.jpg?k=9cd6a436992a1ed2190e47babb9e96bbedc304fd939e7910b83b3bddff52f2bf&o=', 73),
(114, 'https://pix8.agoda.net/hotelImages/38459075/-1/ce8d83117a62e96bab24082e8e64c48b.jpg?ce=0&s=1024x768', 74),
(115, 'https://q-xx.bstatic.com/xdata/images/hotel/max1024x768/181459627.jpg?k=ef0cdfa53710636fa8744a8f032507e979a8b46321ab2b3d01d13fc29a97f8d5&o=', 75),
(116, 'https://q-xx.bstatic.com/xdata/images/hotel/max1024x768/181459632.jpg?k=4a1019679ec6784af5a2a59a893e2085b039f97ec8132aaf60a5301fbf24ebd4&o=', 76),
(117, 'https://pix8.agoda.net/hotelImages/22423667/-1/5c5132fd165dfabd8fdbeb62990eb910.jpg?ca=19&ce=1&s=1024x768', 77),
(118, 'https://q-xx.bstatic.com/xdata/images/hotel/max1024x768/493302986.jpg?k=c3c8bd4d6062e095441923d442c2f5a890621103d377ac766d108a37423cd22f&o=', 78),
(119, 'https://q-xx.bstatic.com/xdata/images/hotel/max1024x768/181459625.jpg?k=7975da0b8f56b264f73235aff209c9ee031a6a566aa488d91bc69d12df642a6e&o=', 79),
(120, 'https://pix8.agoda.net/hotelImages/38459075/-1/9974724aaf93398c639aa7c3e9c8d269.jpg?ce=0&s=1024x768', 80),
(121, 'https://pix8.agoda.net/hotelImages/38459075/-1/7ee5f4b9cf5b9b1edef768952677d524.jpg?ce=0&s=1024x768', 81),
(122, 'https://q-xx.bstatic.com/xdata/images/hotel/max1024x768/181459640.jpg?k=9cd6a436992a1ed2190e47babb9e96bbedc304fd939e7910b83b3bddff52f2bf&o=', 82),
(123, 'https://q-xx.bstatic.com/xdata/images/hotel/max1024x768/493292953.jpg?k=b4e1b755648dddc40c7d75ff09539ce9e19ccd6c3d277f66f352f24447c377e5&o=', 83),
(124, 'https://pix8.agoda.net/hotelImages/38459075/713166186/fb504aaad00edbbe21f65472170bb4a8.jpg?ce=0&s=1024x768', 84),
(125, 'https://pix8.agoda.net/hotelImages/38459075/-1/472c1e435822833871845e943fc3c685.jpg?ce=0&s=1024x768', 85),
(126, 'https://pix8.agoda.net/hotelImages/22423667/-1/5c5132fd165dfabd8fdbeb62990eb910.jpg?ca=19&ce=1&s=1024x768', 86),
(127, 'https://q-xx.bstatic.com/xdata/images/hotel/max1024x768/181459625.jpg?k=7975da0b8f56b264f73235aff209c9ee031a6a566aa488d91bc69d12df642a6e&o=', 87),
(128, 'https://pix8.agoda.net/hotelImages/38459075/-1/9974724aaf93398c639aa7c3e9c8d269.jpg?ce=0&s=1024x768', 88),
(129, 'https://pix8.agoda.net/hotelImages/38459075/-1/71cb3cd18d95678f98c222c4b2927950.jpg?ce=0&s=1024x768', 89),
(130, 'https://q-xx.bstatic.com/xdata/images/hotel/max1024x768/181459627.jpg?k=ef0cdfa53710636fa8744a8f032507e979a8b46321ab2b3d01d13fc29a97f8d5&o=', 90),
(131, 'https://q-xx.bstatic.com/xdata/images/hotel/max1024x768/493302986.jpg?k=c3c8bd4d6062e095441923d442c2f5a890621103d377ac766d108a37423cd22f&o=', 91),
(132, 'https://pix8.agoda.net/hotelImages/38459075/-1/71cb3cd18d95678f98c222c4b2927950.jpg?ce=0&s=1024x768', 92),
(133, 'https://pix8.agoda.net/hotelImages/38459075/-1/ed056271477a62caa5f5bbdff538924b.jpg?ce=0&s=1024x768', 93),
(134, 'https://q-xx.bstatic.com/xdata/images/hotel/max1024x768/181459623.jpg?k=f2d0f407e8e953a04f07ec243e36b02a40b9894ab7c52bf3e9dc6118cfa7f600&o=', 94),
(135, 'https://q-xx.bstatic.com/xdata/images/hotel/max1024x768/493302986.jpg?k=c3c8bd4d6062e095441923d442c2f5a890621103d377ac766d108a37423cd22f&o=', 95),
(136, 'https://q-xx.bstatic.com/xdata/images/hotel/max1024x768/181459632.jpg?k=4a1019679ec6784af5a2a59a893e2085b039f97ec8132aaf60a5301fbf24ebd4&o=', 96),
(137, 'https://q-xx.bstatic.com/xdata/images/hotel/max1024x768/493298161.jpg?k=c297ae9be1c60ea2bd58da16254ffa4701af063adf675fa1bc478f4195b8f65c&o=', 97),
(138, 'https://q-xx.bstatic.com/xdata/images/hotel/max1024x768/181459632.jpg?k=4a1019679ec6784af5a2a59a893e2085b039f97ec8132aaf60a5301fbf24ebd4&o=', 98),
(139, 'https://q-xx.bstatic.com/xdata/images/hotel/max1024x768/181459632.jpg?k=4a1019679ec6784af5a2a59a893e2085b039f97ec8132aaf60a5301fbf24ebd4&o=', 99),
(140, 'https://q-xx.bstatic.com/xdata/images/hotel/max1024x768/181459625.jpg?k=7975da0b8f56b264f73235aff209c9ee031a6a566aa488d91bc69d12df642a6e&o=', 100),
(141, 'https://q-xx.bstatic.com/xdata/images/hotel/max1024x768/493292953.jpg?k=b4e1b755648dddc40c7d75ff09539ce9e19ccd6c3d277f66f352f24447c377e5&o=', 101),
(142, 'https://q-xx.bstatic.com/xdata/images/hotel/max1024x768/181459623.jpg?k=f2d0f407e8e953a04f07ec243e36b02a40b9894ab7c52bf3e9dc6118cfa7f600&o=', 102),
(143, 'https://q-xx.bstatic.com/xdata/images/hotel/max1024x768/181459632.jpg?k=4a1019679ec6784af5a2a59a893e2085b039f97ec8132aaf60a5301fbf24ebd4&o=', 103),
(144, 'https://q-xx.bstatic.com/xdata/images/hotel/max1024x768/493298161.jpg?k=c297ae9be1c60ea2bd58da16254ffa4701af063adf675fa1bc478f4195b8f65c&o=', 104),
(145, 'https://pix8.agoda.net/hotelImages/38459075/-1/7ee5f4b9cf5b9b1edef768952677d524.jpg?ce=0&s=1024x768', 105),
(146, 'https://pix8.agoda.net/hotelImages/22423667/-1/4c065f5984bd5d0eed45ab3c912532ae.jpg?ca=19&ce=1&s=1024x768', 106),
(147, 'https://pix8.agoda.net/hotelImages/38459075/-1/ed056271477a62caa5f5bbdff538924b.jpg?ce=0&s=1024x768', 107),
(148, 'https://q-xx.bstatic.com/xdata/images/hotel/max1024x768/181459623.jpg?k=f2d0f407e8e953a04f07ec243e36b02a40b9894ab7c52bf3e9dc6118cfa7f600&o=', 108),
(149, 'https://q-xx.bstatic.com/xdata/images/hotel/max1024x768/493292951.jpg?k=aace5df906d7aa01a70eee43343b8b3a00be0f35348bbf057871403c3665276e&o=', 109),
(150, 'https://pix8.agoda.net/hotelImages/38459075/-1/b410b56d6fd02558be2ce8985dc0d4a0.jpg?ce=0&s=1024x768', 110),
(151, 'https://pix8.agoda.net/hotelImages/22423667/-1/b1976c4692ec37f0ac0a6ae080be9e77.jpg?ca=19&ce=1&s=1024x768', 111),
(152, 'https://q-xx.bstatic.com/xdata/images/hotel/max1024x768/493298128.jpg?k=b898c5dd20b0f8dfa0f6145ec74e6595feaf1404bdf0b23f45ba48aac37219ba&o=', 112),
(153, 'https://pix8.agoda.net/hotelImages/38459075/-1/ed056271477a62caa5f5bbdff538924b.jpg?ce=0&s=1024x768', 113),
(154, 'https://q-xx.bstatic.com/xdata/images/hotel/max1024x768/181459623.jpg?k=f2d0f407e8e953a04f07ec243e36b02a40b9894ab7c52bf3e9dc6118cfa7f600&o=', 114),
(155, 'https://pix8.agoda.net/hotelImages/38459075/-1/0effec28e2c61f0b491aade4661b493a.jpg?ce=0&s=1024x768', 115),
(156, 'https://q-xx.bstatic.com/xdata/images/hotel/max1024x768/493302986.jpg?k=c3c8bd4d6062e095441923d442c2f5a890621103d377ac766d108a37423cd22f&o=', 116),
(157, 'https://pix8.agoda.net/hotelImages/22423667/-1/5c5132fd165dfabd8fdbeb62990eb910.jpg?ca=19&ce=1&s=1024x768', 117),
(158, 'https://pix8.agoda.net/hotelImages/38459075/-1/98f45139b58fd44b5e93944a601f747e.jpg?ce=0&s=1024x768', 118),
(159, 'https://pix8.agoda.net/hotelImages/38459075/-1/ce8d83117a62e96bab24082e8e64c48b.jpg?ce=0&s=1024x768', 119),
(160, 'https://pix8.agoda.net/hotelImages/22423667/-1/5c5132fd165dfabd8fdbeb62990eb910.jpg?ca=19&ce=1&s=1024x768', 120),
(161, 'https://pix8.agoda.net/hotelImages/38459075/-1/b410b56d6fd02558be2ce8985dc0d4a0.jpg?ce=0&s=1024x768', 121),
(162, 'https://pix8.agoda.net/hotelImages/22423667/-1/212427ca112689f84ad768806f5cad04.jpg?ca=19&ce=1&s=1024x768', 122),
(163, 'https://q-xx.bstatic.com/xdata/images/hotel/max1024x768/493302126.jpg?k=03eedc5ce60ee2bd328c925b75956bd4433c6af43264e0688e097f9fadcbc04a&o=', 123),
(164, 'https://q-xx.bstatic.com/xdata/images/hotel/max1024x768/493302126.jpg?k=03eedc5ce60ee2bd328c925b75956bd4433c6af43264e0688e097f9fadcbc04a&o=', 124),
(165, 'https://q-xx.bstatic.com/xdata/images/hotel/max1024x768/181459625.jpg?k=7975da0b8f56b264f73235aff209c9ee031a6a566aa488d91bc69d12df642a6e&o=', 125),
(166, 'https://q-xx.bstatic.com/xdata/images/hotel/max1024x768/181459627.jpg?k=ef0cdfa53710636fa8744a8f032507e979a8b46321ab2b3d01d13fc29a97f8d5&o=', 126),
(167, 'https://q-xx.bstatic.com/xdata/images/hotel/max1024x768/493302126.jpg?k=03eedc5ce60ee2bd328c925b75956bd4433c6af43264e0688e097f9fadcbc04a&o=', 127),
(168, 'https://q-xx.bstatic.com/xdata/images/hotel/max1024x768/181459625.jpg?k=7975da0b8f56b264f73235aff209c9ee031a6a566aa488d91bc69d12df642a6e&o=', 128),
(169, 'https://q-xx.bstatic.com/xdata/images/hotel/max1024x768/493298102.jpg?k=63128c6ae8fe80e23101878e33b90d1cf7454e73fa6a1e5321596a5684401d63&o=', 129),
(170, 'https://pix8.agoda.net/hotelImages/38459075/-1/0effec28e2c61f0b491aade4661b493a.jpg?ce=0&s=1024x768', 130),
(171, 'https://pix8.agoda.net/hotelImages/38459075/-1/472c1e435822833871845e943fc3c685.jpg?ce=0&s=1024x768', 131),
(172, 'https://pix8.agoda.net/hotelImages/38459075/713166186/fb504aaad00edbbe21f65472170bb4a8.jpg?ce=0&s=1024x768', 132),
(173, 'https://q-xx.bstatic.com/xdata/images/hotel/max1024x768/493302126.jpg?k=03eedc5ce60ee2bd328c925b75956bd4433c6af43264e0688e097f9fadcbc04a&o=', 133),
(174, 'https://q-xx.bstatic.com/xdata/images/hotel/max1024x768/493298161.jpg?k=c297ae9be1c60ea2bd58da16254ffa4701af063adf675fa1bc478f4195b8f65c&o=', 134),
(175, 'https://q-xx.bstatic.com/xdata/images/hotel/max1024x768/181459632.jpg?k=4a1019679ec6784af5a2a59a893e2085b039f97ec8132aaf60a5301fbf24ebd4&o=', 135),
(176, 'https://pix8.agoda.net/hotelImages/22423667/-1/212427ca112689f84ad768806f5cad04.jpg?ca=19&ce=1&s=1024x768', 136),
(177, 'https://pix8.agoda.net/hotelImages/38459075/-1/0effec28e2c61f0b491aade4661b493a.jpg?ce=0&s=1024x768', 137),
(178, 'https://q-xx.bstatic.com/xdata/images/hotel/max1024x768/493302986.jpg?k=c3c8bd4d6062e095441923d442c2f5a890621103d377ac766d108a37423cd22f&o=', 138),
(179, 'https://q-xx.bstatic.com/xdata/images/hotel/max1024x768/493302986.jpg?k=c3c8bd4d6062e095441923d442c2f5a890621103d377ac766d108a37423cd22f&o=', 139),
(180, 'https://q-xx.bstatic.com/xdata/images/hotel/max1024x768/493292951.jpg?k=aace5df906d7aa01a70eee43343b8b3a00be0f35348bbf057871403c3665276e&o=', 140),
(181, 'https://pix8.agoda.net/hotelImages/38459075/-1/613f1605cc26ddbe5ad9bed3833990aa.jpg?ce=0&s=1024x768', 141),
(182, 'https://q-xx.bstatic.com/xdata/images/hotel/max1024x768/181459627.jpg?k=ef0cdfa53710636fa8744a8f032507e979a8b46321ab2b3d01d13fc29a97f8d5&o=', 142),
(183, 'https://q-xx.bstatic.com/xdata/images/hotel/max1024x768/181459623.jpg?k=f2d0f407e8e953a04f07ec243e36b02a40b9894ab7c52bf3e9dc6118cfa7f600&o=', 143),
(184, 'https://pix8.agoda.net/hotelImages/22423667/-1/212427ca112689f84ad768806f5cad04.jpg?ca=19&ce=1&s=1024x768', 144),
(185, 'https://pix8.agoda.net/hotelImages/22423667/-1/5c5132fd165dfabd8fdbeb62990eb910.jpg?ca=19&ce=1&s=1024x768', 145),
(186, 'https://q-xx.bstatic.com/xdata/images/hotel/max1024x768/493298161.jpg?k=c297ae9be1c60ea2bd58da16254ffa4701af063adf675fa1bc478f4195b8f65c&o=', 146),
(187, 'https://q-xx.bstatic.com/xdata/images/hotel/max1024x768/181459627.jpg?k=ef0cdfa53710636fa8744a8f032507e979a8b46321ab2b3d01d13fc29a97f8d5&o=', 147),
(188, 'https://pix8.agoda.net/hotelImages/22423667/-1/b1976c4692ec37f0ac0a6ae080be9e77.jpg?ca=19&ce=1&s=1024x768', 148),
(189, 'https://pix8.agoda.net/hotelImages/38459075/-1/613f1605cc26ddbe5ad9bed3833990aa.jpg?ce=0&s=1024x768', 149),
(190, 'https://pix8.agoda.net/hotelImages/22423667/-1/b1976c4692ec37f0ac0a6ae080be9e77.jpg?ca=19&ce=1&s=1024x768', 150),
(191, 'https://pix8.agoda.net/hotelImages/38459075/-1/9974724aaf93398c639aa7c3e9c8d269.jpg?ce=0&s=1024x768', 151),
(192, 'https://q-xx.bstatic.com/xdata/images/hotel/max1024x768/493298294.jpg?k=1a8526f563dea7f0f4c380407c0a3c1c40094180d3f132e212b7d7fe549c3822&o=', 152),
(193, 'https://q-xx.bstatic.com/xdata/images/hotel/max1024x768/493298128.jpg?k=b898c5dd20b0f8dfa0f6145ec74e6595feaf1404bdf0b23f45ba48aac37219ba&o=', 153),
(194, 'https://q-xx.bstatic.com/xdata/images/hotel/max1024x768/181459632.jpg?k=4a1019679ec6784af5a2a59a893e2085b039f97ec8132aaf60a5301fbf24ebd4&o=', 154),
(195, 'https://q-xx.bstatic.com/xdata/images/hotel/max1024x768/493298294.jpg?k=1a8526f563dea7f0f4c380407c0a3c1c40094180d3f132e212b7d7fe549c3822&o=', 155),
(196, 'https://q-xx.bstatic.com/xdata/images/hotel/max1024x768/181459640.jpg?k=9cd6a436992a1ed2190e47babb9e96bbedc304fd939e7910b83b3bddff52f2bf&o=', 156),
(197, 'https://pix8.agoda.net/hotelImages/38459075/-1/98f45139b58fd44b5e93944a601f747e.jpg?ce=0&s=1024x768', 157),
(198, 'https://pix8.agoda.net/hotelImages/38459075/-1/ce8d83117a62e96bab24082e8e64c48b.jpg?ce=0&s=1024x768', 158),
(199, 'https://pix8.agoda.net/hotelImages/38459075/-1/b410b56d6fd02558be2ce8985dc0d4a0.jpg?ce=0&s=1024x768', 159),
(200, 'https://pix8.agoda.net/hotelImages/38459075/-1/71cb3cd18d95678f98c222c4b2927950.jpg?ce=0&s=1024x768', 160),
(201, 'https://pix8.agoda.net/hotelImages/38459075/-1/9974724aaf93398c639aa7c3e9c8d269.jpg?ce=0&s=1024x768', 161),
(202, 'https://q-xx.bstatic.com/xdata/images/hotel/max1024x768/181459632.jpg?k=4a1019679ec6784af5a2a59a893e2085b039f97ec8132aaf60a5301fbf24ebd4&o=', 162),
(203, 'https://pix8.agoda.net/hotelImages/38459075/-1/7ee5f4b9cf5b9b1edef768952677d524.jpg?ce=0&s=1024x768', 163),
(204, 'https://q-xx.bstatic.com/xdata/images/hotel/max1024x768/493298161.jpg?k=c297ae9be1c60ea2bd58da16254ffa4701af063adf675fa1bc478f4195b8f65c&o=', 164),
(205, 'https://pix8.agoda.net/hotelImages/38459075/-1/ce8d83117a62e96bab24082e8e64c48b.jpg?ce=0&s=1024x768', 165),
(206, 'https://pix8.agoda.net/hotelImages/22423667/-1/5c5132fd165dfabd8fdbeb62990eb910.jpg?ca=19&ce=1&s=1024x768', 166),
(207, 'https://q-xx.bstatic.com/xdata/images/hotel/max1024x768/493298102.jpg?k=63128c6ae8fe80e23101878e33b90d1cf7454e73fa6a1e5321596a5684401d63&o=', 167),
(208, 'https://pix8.agoda.net/hotelImages/38459075/-1/b410b56d6fd02558be2ce8985dc0d4a0.jpg?ce=0&s=1024x768', 168),
(209, 'https://q-xx.bstatic.com/xdata/images/hotel/max1024x768/493298294.jpg?k=1a8526f563dea7f0f4c380407c0a3c1c40094180d3f132e212b7d7fe549c3822&o=', 169),
(210, 'https://q-xx.bstatic.com/xdata/images/hotel/max1024x768/493302126.jpg?k=03eedc5ce60ee2bd328c925b75956bd4433c6af43264e0688e097f9fadcbc04a&o=', 170),
(211, 'https://q-xx.bstatic.com/xdata/images/hotel/max1024x768/181459623.jpg?k=f2d0f407e8e953a04f07ec243e36b02a40b9894ab7c52bf3e9dc6118cfa7f600&o=', 171),
(212, 'https://q-xx.bstatic.com/xdata/images/hotel/max1024x768/493298102.jpg?k=63128c6ae8fe80e23101878e33b90d1cf7454e73fa6a1e5321596a5684401d63&o=', 172),
(213, 'https://q-xx.bstatic.com/xdata/images/hotel/max1024x768/493292951.jpg?k=aace5df906d7aa01a70eee43343b8b3a00be0f35348bbf057871403c3665276e&o=', 173),
(214, 'https://q-xx.bstatic.com/xdata/images/hotel/max1024x768/181459627.jpg?k=ef0cdfa53710636fa8744a8f032507e979a8b46321ab2b3d01d13fc29a97f8d5&o=', 174),
(215, 'https://pix8.agoda.net/hotelImages/38459075/713166186/fb504aaad00edbbe21f65472170bb4a8.jpg?ce=0&s=1024x768', 175),
(216, 'https://q-xx.bstatic.com/xdata/images/hotel/max1024x768/493292951.jpg?k=aace5df906d7aa01a70eee43343b8b3a00be0f35348bbf057871403c3665276e&o=', 176),
(217, 'https://pix8.agoda.net/hotelImages/38459075/-1/71cb3cd18d95678f98c222c4b2927950.jpg?ce=0&s=1024x768', 177),
(218, 'https://pix8.agoda.net/hotelImages/38459075/-1/472c1e435822833871845e943fc3c685.jpg?ce=0&s=1024x768', 178),
(219, 'https://pix8.agoda.net/hotelImages/38459075/713166186/fb504aaad00edbbe21f65472170bb4a8.jpg?ce=0&s=1024x768', 179),
(220, 'https://pix8.agoda.net/hotelImages/38459075/-1/9974724aaf93398c639aa7c3e9c8d269.jpg?ce=0&s=1024x768', 180),
(221, 'https://q-xx.bstatic.com/xdata/images/hotel/max1024x768/493298128.jpg?k=b898c5dd20b0f8dfa0f6145ec74e6595feaf1404bdf0b23f45ba48aac37219ba&o=', 181),
(222, 'https://q-xx.bstatic.com/xdata/images/hotel/max1024x768/493298294.jpg?k=1a8526f563dea7f0f4c380407c0a3c1c40094180d3f132e212b7d7fe549c3822&o=', 182),
(223, 'https://pix8.agoda.net/hotelImages/22423667/-1/5c5132fd165dfabd8fdbeb62990eb910.jpg?ca=19&ce=1&s=1024x768', 183),
(224, 'https://pix8.agoda.net/hotelImages/38459075/-1/b410b56d6fd02558be2ce8985dc0d4a0.jpg?ce=0&s=1024x768', 184),
(225, 'https://pix8.agoda.net/hotelImages/22423667/-1/5c5132fd165dfabd8fdbeb62990eb910.jpg?ca=19&ce=1&s=1024x768', 185),
(226, 'https://q-xx.bstatic.com/xdata/images/hotel/max1024x768/493295236.jpg?k=4401f96b7af5ce237e8ee37ed1c2b1a1df01727c2bbb85725971e41dfe1d43b8&o=', 186),
(227, 'https://pix8.agoda.net/hotelImages/38459075/-1/472c1e435822833871845e943fc3c685.jpg?ce=0&s=1024x768', 187),
(228, 'https://q-xx.bstatic.com/xdata/images/hotel/max1024x768/493295236.jpg?k=4401f96b7af5ce237e8ee37ed1c2b1a1df01727c2bbb85725971e41dfe1d43b8&o=', 188),
(229, 'https://q-xx.bstatic.com/xdata/images/hotel/max1024x768/181459627.jpg?k=ef0cdfa53710636fa8744a8f032507e979a8b46321ab2b3d01d13fc29a97f8d5&o=', 189),
(230, 'https://q-xx.bstatic.com/xdata/images/hotel/max1024x768/181459627.jpg?k=ef0cdfa53710636fa8744a8f032507e979a8b46321ab2b3d01d13fc29a97f8d5&o=', 190),
(231, 'https://pix8.agoda.net/hotelImages/38459075/-1/ce8d83117a62e96bab24082e8e64c48b.jpg?ce=0&s=1024x768', 191),
(232, 'https://q-xx.bstatic.com/xdata/images/hotel/max1024x768/181459632.jpg?k=4a1019679ec6784af5a2a59a893e2085b039f97ec8132aaf60a5301fbf24ebd4&o=', 192),
(233, 'https://q-xx.bstatic.com/xdata/images/hotel/max1024x768/493292951.jpg?k=aace5df906d7aa01a70eee43343b8b3a00be0f35348bbf057871403c3665276e&o=', 193),
(234, 'https://q-xx.bstatic.com/xdata/images/hotel/max1024x768/493298161.jpg?k=c297ae9be1c60ea2bd58da16254ffa4701af063adf675fa1bc478f4195b8f65c&o=', 194),
(235, 'https://q-xx.bstatic.com/xdata/images/hotel/max1024x768/181459625.jpg?k=7975da0b8f56b264f73235aff209c9ee031a6a566aa488d91bc69d12df642a6e&o=', 195),
(236, 'https://q-xx.bstatic.com/xdata/images/hotel/max1024x768/493295236.jpg?k=4401f96b7af5ce237e8ee37ed1c2b1a1df01727c2bbb85725971e41dfe1d43b8&o=', 196),
(237, 'https://q-xx.bstatic.com/xdata/images/hotel/max1024x768/493298161.jpg?k=c297ae9be1c60ea2bd58da16254ffa4701af063adf675fa1bc478f4195b8f65c&o=', 197),
(238, 'https://q-xx.bstatic.com/xdata/images/hotel/max1024x768/181459623.jpg?k=f2d0f407e8e953a04f07ec243e36b02a40b9894ab7c52bf3e9dc6118cfa7f600&o=', 198),
(239, 'https://q-xx.bstatic.com/xdata/images/hotel/max1024x768/493292951.jpg?k=aace5df906d7aa01a70eee43343b8b3a00be0f35348bbf057871403c3665276e&o=', 199),
(240, 'https://pix8.agoda.net/hotelImages/38459075/-1/9974724aaf93398c639aa7c3e9c8d269.jpg?ce=0&s=1024x768', 200),
(241, 'https://q-xx.bstatic.com/xdata/images/hotel/max1024x768/181459623.jpg?k=f2d0f407e8e953a04f07ec243e36b02a40b9894ab7c52bf3e9dc6118cfa7f600&o=', 201),
(242, 'https://q-xx.bstatic.com/xdata/images/hotel/max1024x768/493298102.jpg?k=63128c6ae8fe80e23101878e33b90d1cf7454e73fa6a1e5321596a5684401d63&o=', 202),
(243, 'https://q-xx.bstatic.com/xdata/images/hotel/max1024x768/493302986.jpg?k=c3c8bd4d6062e095441923d442c2f5a890621103d377ac766d108a37423cd22f&o=', 203),
(244, 'https://q-xx.bstatic.com/xdata/images/hotel/max1024x768/181459627.jpg?k=ef0cdfa53710636fa8744a8f032507e979a8b46321ab2b3d01d13fc29a97f8d5&o=', 204),
(245, 'https://pix8.agoda.net/hotelImages/38459075/-1/9974724aaf93398c639aa7c3e9c8d269.jpg?ce=0&s=1024x768', 205),
(246, 'https://q-xx.bstatic.com/xdata/images/hotel/max1024x768/493292951.jpg?k=aace5df906d7aa01a70eee43343b8b3a00be0f35348bbf057871403c3665276e&o=', 206),
(247, 'https://q-xx.bstatic.com/xdata/images/hotel/max1024x768/493298294.jpg?k=1a8526f563dea7f0f4c380407c0a3c1c40094180d3f132e212b7d7fe549c3822&o=', 207),
(248, 'https://pix8.agoda.net/hotelImages/38459075/-1/71cb3cd18d95678f98c222c4b2927950.jpg?ce=0&s=1024x768', 208),
(249, 'https://pix8.agoda.net/hotelImages/38459075/-1/98f45139b58fd44b5e93944a601f747e.jpg?ce=0&s=1024x768', 209),
(250, 'https://q-xx.bstatic.com/xdata/images/hotel/max1024x768/181459627.jpg?k=ef0cdfa53710636fa8744a8f032507e979a8b46321ab2b3d01d13fc29a97f8d5&o=', 210),
(251, 'https://q-xx.bstatic.com/xdata/images/hotel/max1024x768/493298294.jpg?k=1a8526f563dea7f0f4c380407c0a3c1c40094180d3f132e212b7d7fe549c3822&o=', 211),
(252, 'https://q-xx.bstatic.com/xdata/images/hotel/max1024x768/181459627.jpg?k=ef0cdfa53710636fa8744a8f032507e979a8b46321ab2b3d01d13fc29a97f8d5&o=', 212),
(253, 'https://q-xx.bstatic.com/xdata/images/hotel/max1024x768/181459632.jpg?k=4a1019679ec6784af5a2a59a893e2085b039f97ec8132aaf60a5301fbf24ebd4&o=', 213),
(254, 'https://pix8.agoda.net/hotelImages/38459075/-1/613f1605cc26ddbe5ad9bed3833990aa.jpg?ce=0&s=1024x768', 214),
(255, 'https://pix8.agoda.net/hotelImages/38459075/-1/0effec28e2c61f0b491aade4661b493a.jpg?ce=0&s=1024x768', 215),
(256, 'https://pix8.agoda.net/hotelImages/38459075/-1/98f45139b58fd44b5e93944a601f747e.jpg?ce=0&s=1024x768', 216),
(257, 'https://q-xx.bstatic.com/xdata/images/hotel/max1024x768/493292951.jpg?k=aace5df906d7aa01a70eee43343b8b3a00be0f35348bbf057871403c3665276e&o=', 217),
(258, 'https://pix8.agoda.net/hotelImages/38459075/-1/71cb3cd18d95678f98c222c4b2927950.jpg?ce=0&s=1024x768', 218),
(259, 'https://pix8.agoda.net/hotelImages/22423667/-1/5c5132fd165dfabd8fdbeb62990eb910.jpg?ca=19&ce=1&s=1024x768', 219),
(260, 'https://pix8.agoda.net/hotelImages/22423667/-1/4c065f5984bd5d0eed45ab3c912532ae.jpg?ca=19&ce=1&s=1024x768', 220);

-- --------------------------------------------------------

--
-- Cấu trúc bảng cho bảng `hotels`
--

CREATE TABLE `hotels` (
  `Id` int(11) NOT NULL,
  `Name` longtext NOT NULL,
  `Notes` longtext DEFAULT NULL,
  `PhoneNumber` longtext DEFAULT NULL,
  `WebsiteAddress` longtext DEFAULT NULL,
  `CreatedBy` longtext DEFAULT NULL,
  `CreatedAt` datetime(6) DEFAULT NULL,
  `ModifiedBy` longtext DEFAULT NULL,
  `ModifiedAt` datetime(6) DEFAULT NULL,
  `CategoryId` int(11) NOT NULL DEFAULT 0,
  `Description` longtext DEFAULT NULL,
  `ReviewCount` int(11) NOT NULL DEFAULT 0,
  `ReviewRating` int(11) NOT NULL DEFAULT 0
) ENGINE=InnoDB DEFAULT CHARSET=utf8mb4 COLLATE=utf8mb4_general_ci;

--
-- Đang đổ dữ liệu cho bảng `hotels`
--

INSERT INTO `hotels` (`Id`, `Name`, `Notes`, `PhoneNumber`, `WebsiteAddress`, `CreatedBy`, `CreatedAt`, `ModifiedBy`, `ModifiedAt`, `CategoryId`, `Description`, `ReviewCount`, `ReviewRating`) VALUES
(1, 'Awesome Steel Table Homestay', 'Et cum consequatur quibusdam laudantium tenetur fuga id repellat error. Inventore fugit reprehenderit quasi ex omnis velit reiciendis eius. Quas delectus enim enim. Sint enim earum soluta ea dignissimos voluptatem perferendis velit.', '730-956-9395', 'https://guillermo.biz', 'Anonymous', '2023-10-27 20:53:16.010118', 'Anonymous', '2023-10-27 20:53:16.010190', 1, 'Boston\'s most advanced compression wear technology increases muscle oxygenation, stabilizes active muscles', 7, 4),
(2, 'Incredible Frozen Fish Resort', 'Ratione aliquam error odit. Occaecati vero velit cumque ea facere rerum numquam sed. Deleniti consequatur et delectus itaque quibusdam consequuntur. Fuga repellat corrupti non rerum. Molestiae qui mollitia optio alias facere neque.', '288-867-8480', 'http://billie.info', 'Anonymous', '2023-10-27 20:53:16.010316', 'Anonymous', '2023-10-27 20:53:16.010316', 5, 'The beautiful range of Apple Naturalé that has an exciting mix of natural ingredients. With the Goodness of 100% Natural Ingredients', 4, 5),
(3, 'Sleek Fresh Pizza Nhà riêng', 'Dolor reiciendis id et fuga. Nobis voluptate a repellat repellat dolorum quibusdam quibusdam dolores. Mollitia vel ut atque consectetur officia. Ut odio similique omnis distinctio. Voluptatem quasi cumque quod sit tempore.', '351-539-3757', 'http://elmore.com', 'Anonymous', '2023-10-27 20:53:16.010374', 'Anonymous', '2023-10-27 20:53:16.010374', 2, 'Ergonomic executive chair upholstered in bonded black leather and PVC padded seat and back for all-day comfort and support', 5, 4),
(4, 'Awesome Metal Shirt Nhà riêng', 'Quos id illum dolores impedit rerum. Voluptate reiciendis officiis qui soluta quibusdam sed aliquid. Expedita quod repellendus sequi laboriosam nulla tempore doloremque debitis.', '839-304-5980', 'http://jewel.org', 'Anonymous', '2023-10-27 20:53:16.010488', 'Anonymous', '2023-10-27 20:53:16.010488', 2, 'New ABC 13 9370, 13.3, 5th Gen CoreA5-8250U, 8GB RAM, 256GB SSD, power UHD Graphics, OS 10 Home, OS Office A & J 2016', 10, 4),
(5, 'Awesome Cotton Tuna Resort', 'Quos voluptas dolores magni provident explicabo. Commodi ullam alias voluptas. Magni et voluptates ut libero quo voluptatum quo.', '276-295-2747', 'https://modesto.net', 'Anonymous', '2023-10-27 20:53:16.010585', 'Anonymous', '2023-10-27 20:53:16.010586', 5, 'Ergonomic executive chair upholstered in bonded black leather and PVC padded seat and back for all-day comfort and support', 2, 4),
(6, 'Licensed Concrete Cheese Nhà nghỉ', 'Ut magni culpa est. Sapiente sit sed ut. Similique quo optio nesciunt et consequatur officiis quae molestias atque. Distinctio animi libero et id. Debitis quisquam et minima quam. Sint aliquid accusamus quos itaque quia consequatur sunt minus.', '385-439-4015', 'http://jackson.org', 'Anonymous', '2023-10-27 20:53:16.010629', 'Anonymous', '2023-10-27 20:53:16.010629', 6, 'The Football Is Good For Training And Recreational Purposes', 9, 4),
(7, 'Awesome Rubber Chips Nhà nghỉ', 'Quaerat exercitationem rerum. Dolorem deserunt et sapiente voluptatem impedit. Veritatis dolorem temporibus consequatur autem.', '336-406-6186', 'https://calista.info', 'Anonymous', '2023-10-27 20:53:16.010700', 'Anonymous', '2023-10-27 20:53:16.010701', 6, 'New range of formal shirts are designed keeping you in mind. With fits and styling that will make you stand apart', 1, 5),
(8, 'Handcrafted Rubber Chips Nhà riêng', 'Quasi voluptatibus dolorem. Molestias architecto accusamus. Voluptatem sint explicabo doloremque rem ut eum facere vel velit. Id nesciunt dolores est. Sed unde sit non voluptatem dolores.', '304-762-4154', 'https://luna.info', 'Anonymous', '2023-10-27 20:53:16.010723', 'Anonymous', '2023-10-27 20:53:16.010723', 2, 'The Apollotech B340 is an affordable wireless mouse with reliable connectivity, 12 months battery life and modern design', 8, 4),
(9, 'Awesome Plastic Shirt Resort', 'Et molestiae suscipit. Nihil distinctio error repellat temporibus. Rem in quibusdam saepe eligendi et ratione id quia hic.', '560-725-6344', 'https://milan.com', 'Anonymous', '2023-10-27 20:53:16.010761', 'Anonymous', '2023-10-27 20:53:16.010761', 5, 'The beautiful range of Apple Naturalé that has an exciting mix of natural ingredients. With the Goodness of 100% Natural Ingredients', 2, 4),
(10, 'Ergonomic Frozen Shirt Resort', 'Animi et consequuntur ipsa ex. Et iste magnam qui. Aut qui dolor dolore impedit aut. Qui explicabo nesciunt sed laborum quidem nesciunt saepe. Nihil natus illum quis molestias. Est repudiandae autem cupiditate dolorem rerum qui.', '634-795-7039', 'http://roselyn.org', 'Anonymous', '2023-10-27 20:53:16.010780', 'Anonymous', '2023-10-27 20:53:16.010780', 5, 'Andy shoes are designed to keeping in mind durability as well as trends, the most stylish range of shoes & sandals', 5, 4),
(11, 'Awesome Fresh Fish Căn hộ', 'Perspiciatis voluptas culpa magni quo itaque impedit exercitationem eos iusto. Nobis sit iusto voluptas dolorem nisi ad. Sint explicabo iusto. Quis ut debitis et. Cupiditate necessitatibus excepturi aut possimus et natus ipsa. Et odit commodi dolorum ex soluta.', '536-628-7039', 'https://delia.org', 'Anonymous', '2023-10-27 20:53:16.010800', 'Anonymous', '2023-10-27 20:53:16.010800', 3, 'Boston\'s most advanced compression wear technology increases muscle oxygenation, stabilizes active muscles', 7, 4),
(12, 'Practical Rubber Mouse Homestay', 'Voluptas quasi vero qui eum quos et odit placeat cumque. Velit dolorem beatae ad excepturi est odit. Libero dolores dignissimos deserunt consequatur ut ex harum expedita. Eum deleniti aliquid reprehenderit impedit officiis voluptatem. Quos necessitatibus unde quia consectetur sit accusantium architecto ducimus et.', '733-561-4364', 'http://patricia.org', 'Anonymous', '2023-10-27 20:53:16.010821', 'Anonymous', '2023-10-27 20:53:16.010821', 1, 'Carbonite web goalkeeper gloves are ergonomically designed to give easy fit', 6, 4),
(13, 'Sleek Frozen Ball Homestay', 'Qui quasi et id voluptatibus totam veniam. Sunt ullam fugit molestiae iure voluptas ipsam ullam. Veniam officiis et eveniet est tempora. Odit in quasi nesciunt ex.', '524-216-9323', 'https://karina.org', 'Anonymous', '2023-10-27 20:53:16.010878', 'Anonymous', '2023-10-27 20:53:16.010878', 1, 'The slim & simple Maple Gaming Keyboard from Dev Byte comes with a sleek body and 7- Color RGB LED Back-lighting for smart functionality', 1, 5),
(14, 'Rustic Cotton Car Căn hộ', 'Dolor voluptatem dolores praesentium amet error est sequi saepe odit. Aperiam beatae ex voluptas incidunt. Aut et numquam dolorum esse et cum. Laudantium distinctio voluptas. Reiciendis aut aut commodi laborum iste et. Veritatis ex ipsa earum.', '703-593-6732', 'http://cleveland.org', 'Anonymous', '2023-10-27 20:53:16.010930', 'Anonymous', '2023-10-27 20:53:16.010930', 3, 'The beautiful range of Apple Naturalé that has an exciting mix of natural ingredients. With the Goodness of 100% Natural Ingredients', 0, 0),
(15, 'Handcrafted Steel Hat Resort', 'Est atque voluptatem eum praesentium minus nisi. Saepe sit aut veniam et ut qui qui. Similique expedita itaque et. Aliquid commodi quod. Omnis repellat quos quo illo. A laudantium excepturi saepe est.', '591-927-9235', 'https://lula.org', 'Anonymous', '2023-10-27 20:53:16.010941', 'Anonymous', '2023-10-27 20:53:16.010941', 5, 'The Football Is Good For Training And Recreational Purposes', 5, 4),
(16, 'Rustic Rubber Shoes Nhà riêng', 'At quidem consequuntur consectetur. Id iste accusantium. Nisi cum placeat. Repellat aut quae eligendi. Eum ad omnis.', '740-348-9557', 'http://ulices.com', 'Anonymous', '2023-10-27 20:53:16.010955', 'Anonymous', '2023-10-27 20:53:16.010955', 2, 'Andy shoes are designed to keeping in mind durability as well as trends, the most stylish range of shoes & sandals', 3, 4),
(17, 'Gorgeous Plastic Sausages Nhà nghỉ', 'Maxime magni veritatis nam vero eum nulla. Culpa quaerat delectus. Reprehenderit vel et non sapiente.', '594-262-3862', 'http://jean.com', 'Anonymous', '2023-10-27 20:53:16.010968', 'Anonymous', '2023-10-27 20:53:16.010968', 6, 'The beautiful range of Apple Naturalé that has an exciting mix of natural ingredients. With the Goodness of 100% Natural Ingredients', 0, 0),
(18, 'Incredible Metal Keyboard Nhà nghỉ', 'Velit consectetur id eaque tenetur et. Aut sed et laboriosam. Natus nisi aut.', '929-917-4243', 'http://kristian.info', 'Anonymous', '2023-10-27 20:53:16.010979', 'Anonymous', '2023-10-27 20:53:16.010980', 6, 'Boston\'s most advanced compression wear technology increases muscle oxygenation, stabilizes active muscles', 12, 4),
(19, 'Intelligent Rubber Table Resort', 'Dolore a ut unde corrupti voluptatem repellat. Ab excepturi quasi eveniet quis accusantium. Odio consequatur non placeat. Excepturi officia voluptas sed sint. Rerum explicabo voluptas quod a qui.', '418-224-1911', 'https://forrest.info', 'Anonymous', '2023-10-27 20:53:16.011043', 'Anonymous', '2023-10-27 20:53:16.011044', 5, 'Andy shoes are designed to keeping in mind durability as well as trends, the most stylish range of shoes & sandals', 1, 5),
(20, 'Sleek Plastic Hat Căn hộ', 'Aut distinctio et nostrum dolorum iste ipsa laboriosam architecto. Ex perferendis esse similique voluptatem. Fugiat earum repudiandae harum fugiat. Maxime consequuntur veniam asperiores provident eos et eius modi. Necessitatibus consectetur atque fugiat. Nam quos omnis sed exercitationem.', '217-442-5302', 'https://patricia.net', 'Anonymous', '2023-10-27 20:53:16.011054', 'Anonymous', '2023-10-27 20:53:16.011055', 3, 'The Football Is Good For Training And Recreational Purposes', 10, 4),
(21, 'Small Cotton Ball Nhà riêng', 'Consequuntur ipsa dolor asperiores vitae et ut non. Veritatis inventore ea et neque dolorem voluptatum sit repudiandae cupiditate. Beatae voluptate debitis aperiam fugit autem veritatis. Ex debitis vitae exercitationem rerum.', '452-556-7295', 'https://margaretta.info', 'Anonymous', '2023-10-27 20:53:16.011092', 'Anonymous', '2023-10-27 20:53:16.011093', 2, 'Ergonomic executive chair upholstered in bonded black leather and PVC padded seat and back for all-day comfort and support', 0, 0),
(22, 'Practical Concrete Ball Nhà nghỉ', 'Dolor reiciendis quibusdam voluptatum quis. Nihil consequatur qui dolores temporibus est deleniti eius aut mollitia. Ad cumque vel sit earum. Ea ut minus quam aut illum. Quod excepturi et quos distinctio asperiores.', '549-507-7812', 'http://quincy.biz', 'Anonymous', '2023-10-27 20:53:16.011094', 'Anonymous', '2023-10-27 20:53:16.011094', 6, 'The beautiful range of Apple Naturalé that has an exciting mix of natural ingredients. With the Goodness of 100% Natural Ingredients', 0, 0),
(23, 'Practical Concrete Salad Khách sạn', 'Qui impedit doloribus eos qui. Mollitia nemo nihil modi ea. Consectetur velit hic aliquid consectetur in. Harum in expedita doloremque et voluptatem. Cumque sapiente doloremque in aliquam quia temporibus.', '787-745-0958', 'http://kevon.biz', 'Anonymous', '2023-10-27 20:53:16.011095', 'Anonymous', '2023-10-27 20:53:16.011095', 4, 'Ergonomic executive chair upholstered in bonded black leather and PVC padded seat and back for all-day comfort and support', 0, 0),
(24, 'Ergonomic Concrete Soap Khách sạn', 'Aut qui nihil consequatur cum minima est. Ullam corrupti culpa minus aspernatur maxime et laudantium. Iure vel ipsam molestiae.', '845-384-2515', 'https://yazmin.info', 'Anonymous', '2023-10-27 20:53:16.011097', 'Anonymous', '2023-10-27 20:53:16.011097', 4, 'New ABC 13 9370, 13.3, 5th Gen CoreA5-8250U, 8GB RAM, 256GB SSD, power UHD Graphics, OS 10 Home, OS Office A & J 2016', 0, 0),
(25, 'Fantastic Frozen Fish Homestay', 'Dolor iusto modi aut nihil provident harum est iure. Cum ipsa aut. Deleniti minus cum vitae nam dolor sit aut magni sequi. Eius et ad. Libero laudantium animi dolor recusandae et ut architecto nesciunt corporis.', '968-350-1287', 'http://arianna.com', 'Anonymous', '2023-10-27 20:53:16.011098', 'Anonymous', '2023-10-27 20:53:16.011098', 1, 'The Football Is Good For Training And Recreational Purposes', 0, 0),
(26, 'Licensed Concrete Bike Homestay', 'Eaque suscipit dolor atque incidunt quidem libero. Voluptatem ut cupiditate reiciendis autem ut a modi est vero. Laborum sunt facere occaecati dolore. Tempore sed quia rem ullam sapiente et unde aut.', '367-467-0756', 'http://kylee.net', 'Anonymous', '2023-10-27 20:53:16.011099', 'Anonymous', '2023-10-27 20:53:16.011099', 1, 'The Football Is Good For Training And Recreational Purposes', 0, 0),
(27, 'Refined Wooden Keyboard Resort', 'Quibusdam harum rerum sed dolor. Aspernatur rerum velit amet soluta sint non. Aut aut inventore numquam nulla fugit. Delectus et rerum et recusandae.', '342-503-9958', 'http://letitia.name', 'Anonymous', '2023-10-27 20:53:16.011100', 'Anonymous', '2023-10-27 20:53:16.011100', 5, 'Boston\'s most advanced compression wear technology increases muscle oxygenation, stabilizes active muscles', 0, 0),
(28, 'Ergonomic Wooden Gloves Căn hộ', 'Commodi quae itaque sint qui voluptatum vitae. Animi distinctio suscipit harum qui mollitia. Iusto nostrum dolores. Exercitationem sint eum dolorem sequi ab ut.', '419-304-5438', 'http://trever.net', 'Anonymous', '2023-10-27 20:53:16.011101', 'Anonymous', '2023-10-27 20:53:16.011101', 3, 'The Apollotech B340 is an affordable wireless mouse with reliable connectivity, 12 months battery life and modern design', 0, 0),
(29, 'Unbranded Concrete Gloves Nhà riêng', 'Sed amet iure. Nihil est culpa pariatur consequatur non iste quia ipsum. Voluptate esse nisi consequatur quo suscipit deleniti ea perspiciatis. Aut sunt porro perferendis quas numquam.', '257-630-1471', 'http://asa.net', 'Anonymous', '2023-10-27 20:53:16.011103', 'Anonymous', '2023-10-27 20:53:16.011103', 2, 'New ABC 13 9370, 13.3, 5th Gen CoreA5-8250U, 8GB RAM, 256GB SSD, power UHD Graphics, OS 10 Home, OS Office A & J 2016', 0, 0),
(30, 'Fantastic Granite Tuna Khách sạn', 'Ab repellat aliquid praesentium dolorem. Quo aut iure excepturi vitae nihil consequatur eius. Eaque et ut et aut. Ad distinctio tempore. Dicta velit est. Corporis ratione suscipit adipisci ratione quidem itaque pariatur hic.', '414-386-1605', 'http://zachery.org', 'Anonymous', '2023-10-27 20:53:16.011104', 'Anonymous', '2023-10-27 20:53:16.011104', 4, 'New range of formal shirts are designed keeping you in mind. With fits and styling that will make you stand apart', 0, 0),
(31, 'Practical Wooden Computer Homestay', 'Repudiandae corporis sit ipsa dolorem amet. Qui impedit reiciendis nam et quia. Quo non provident deserunt. Ratione maiores iure ea ut. Commodi dolor quo est enim ducimus aut ullam.', '815-211-3811', 'https://jared.com', 'Anonymous', '2023-10-27 20:53:16.011105', 'Anonymous', '2023-10-27 20:53:16.011105', 1, 'Andy shoes are designed to keeping in mind durability as well as trends, the most stylish range of shoes & sandals', 0, 0),
(32, 'Handmade Concrete Tuna Nhà riêng', 'Et et autem. Nemo fugit qui. Rerum explicabo et et accusantium est. Rem corporis velit quis vitae tempore.', '754-336-0350', 'https://andre.net', 'Anonymous', '2023-10-27 20:53:16.011106', 'Anonymous', '2023-10-27 20:53:16.011106', 2, 'Ergonomic executive chair upholstered in bonded black leather and PVC padded seat and back for all-day comfort and support', 0, 0),
(33, 'Small Plastic Keyboard Nhà nghỉ', 'Commodi qui odit qui aliquam similique veniam nesciunt deserunt. Eius ut quisquam ullam doloremque commodi distinctio consequuntur. At quo nobis modi fugit optio totam vel sunt iusto. Delectus nihil dolores qui enim recusandae facere natus vel. Quis enim quia dolor.', '943-431-2110', 'https://claud.info', 'Anonymous', '2023-10-27 20:53:16.011107', 'Anonymous', '2023-10-27 20:53:16.011107', 6, 'Andy shoes are designed to keeping in mind durability as well as trends, the most stylish range of shoes & sandals', 0, 0),
(34, 'Sleek Steel Shirt Khách sạn', 'Dolorem aut est harum sequi. Eos ullam qui accusantium iste accusantium qui quasi sit. Necessitatibus distinctio et aut quibusdam vero sint aliquam et. Alias necessitatibus aperiam ad cum enim aliquam non.', '953-669-1288', 'https://amelie.info', 'Anonymous', '2023-10-27 20:53:16.011109', 'Anonymous', '2023-10-27 20:53:16.011109', 4, 'The slim & simple Maple Gaming Keyboard from Dev Byte comes with a sleek body and 7- Color RGB LED Back-lighting for smart functionality', 0, 0),
(35, 'Awesome Fresh Cheese Căn hộ', 'Libero ad voluptatem amet. Nobis cupiditate dolorum similique eligendi ut officia. Et nulla perspiciatis qui ut mollitia quidem nihil rem. Commodi eos sequi quaerat quisquam amet culpa. Eligendi beatae eaque. Nihil voluptatem dolorum in dolor enim.', '890-608-7582', 'http://mariam.com', 'Anonymous', '2023-10-27 20:53:16.011110', 'Anonymous', '2023-10-27 20:53:16.011110', 3, 'New ABC 13 9370, 13.3, 5th Gen CoreA5-8250U, 8GB RAM, 256GB SSD, power UHD Graphics, OS 10 Home, OS Office A & J 2016', 0, 0),
(36, 'Fantastic Soft Chair Homestay', 'Exercitationem vel explicabo. Qui quia sit. Cupiditate iusto nostrum impedit quod quibusdam sed vitae asperiores.', '881-739-7746', 'https://flavio.biz', 'Anonymous', '2023-10-27 20:53:16.011111', 'Anonymous', '2023-10-27 20:53:16.011111', 1, 'The slim & simple Maple Gaming Keyboard from Dev Byte comes with a sleek body and 7- Color RGB LED Back-lighting for smart functionality', 0, 0),
(37, 'Intelligent Wooden Cheese Nhà riêng', 'Quo numquam mollitia deleniti est quasi voluptatem. Est sed ea velit blanditiis qui quo est. Amet aliquam itaque voluptatem commodi quo doloribus laudantium. Voluptatem saepe qui similique non totam et excepturi.', '776-711-5360', 'https://carlee.name', 'Anonymous', '2023-10-27 20:53:16.011113', 'Anonymous', '2023-10-27 20:53:16.011113', 2, 'The Nagasaki Lander is the trademarked name of several series of Nagasaki sport bikes, that started with the 1984 ABC800J', 0, 0),
(38, 'Intelligent Cotton Pants Nhà riêng', 'Similique et itaque. Beatae eius autem perferendis quae sit aut in. Quis ut quod sunt quae unde. Optio error accusamus inventore illo et ut consequuntur nihil.', '811-718-3762', 'http://myrtice.net', 'Anonymous', '2023-10-27 20:53:16.011114', 'Anonymous', '2023-10-27 20:53:16.011114', 2, 'New ABC 13 9370, 13.3, 5th Gen CoreA5-8250U, 8GB RAM, 256GB SSD, power UHD Graphics, OS 10 Home, OS Office A & J 2016', 0, 0),
(39, 'Intelligent Frozen Chicken Khách sạn', 'Sed hic quidem assumenda. Libero omnis dolorem consequatur ea possimus. Quos harum quisquam ut voluptas perferendis quos maxime cumque.', '321-794-9091', 'http://hilario.biz', 'Anonymous', '2023-10-27 20:53:16.011115', 'Anonymous', '2023-10-27 20:53:16.011115', 4, 'The Apollotech B340 is an affordable wireless mouse with reliable connectivity, 12 months battery life and modern design', 0, 0),
(40, 'Incredible Rubber Sausages Nhà riêng', 'Voluptate ut est. Excepturi neque illum accusantium laboriosam qui omnis atque illum exercitationem. Harum et enim earum sed quis provident.', '739-778-8875', 'http://erwin.org', 'Anonymous', '2023-10-27 20:53:16.011118', 'Anonymous', '2023-10-27 20:53:16.011118', 2, 'The beautiful range of Apple Naturalé that has an exciting mix of natural ingredients. With the Goodness of 100% Natural Ingredients', 0, 0),
(41, 'Gorgeous Granite Pizza Homestay', 'Impedit velit exercitationem dolorem reiciendis aliquid. Consequatur enim in optio rerum labore rem accusantium dicta tempore. Quis sed cum ut. Sit distinctio aut provident.', '428-239-7178', 'http://brandon.info', 'Anonymous', '2023-10-27 20:53:16.011120', 'Anonymous', '2023-10-27 20:53:16.011120', 1, 'The Football Is Good For Training And Recreational Purposes', 0, 0),
(42, 'Unbranded Plastic Sausages Căn hộ', 'Nam itaque ex laboriosam blanditiis minus est et a commodi. Repellat eligendi cupiditate a consequatur necessitatibus veritatis voluptatem aut perspiciatis. Autem consequatur earum nam pariatur sit recusandae laboriosam.', '956-366-5536', 'https://marshall.com', 'Anonymous', '2023-10-27 20:53:16.011121', 'Anonymous', '2023-10-27 20:53:16.011121', 3, 'Boston\'s most advanced compression wear technology increases muscle oxygenation, stabilizes active muscles', 0, 0),
(43, 'Tasty Steel Pants Nhà riêng', 'Ut quod et et laudantium sapiente. Eos explicabo praesentium impedit veniam. Cumque repellendus vel nam et quia fuga. Architecto qui quam exercitationem. Vel sed nisi.', '794-523-7987', 'http://anita.org', 'Anonymous', '2023-10-27 20:53:16.011122', 'Anonymous', '2023-10-27 20:53:16.011122', 2, 'The Apollotech B340 is an affordable wireless mouse with reliable connectivity, 12 months battery life and modern design', 0, 0),
(44, 'Refined Cotton Chair Căn hộ', 'Autem quasi ut reiciendis autem cum natus non dolores commodi. Ad et nam repudiandae et. Aut neque est tempore dolore iste eligendi facere. Numquam est explicabo. Consequatur earum fuga.', '581-979-6450', 'https://vickie.info', 'Anonymous', '2023-10-27 20:53:16.011124', 'Anonymous', '2023-10-27 20:53:16.011124', 3, 'Ergonomic executive chair upholstered in bonded black leather and PVC padded seat and back for all-day comfort and support', 0, 0),
(45, 'Tasty Frozen Gloves Homestay', 'Libero rem eos et dolor. Odit est ex quos. Voluptatem expedita et esse voluptatum in. Tenetur aut dignissimos maxime incidunt dignissimos hic possimus. Asperiores atque dolor molestias eum excepturi veniam saepe. Officia consequuntur incidunt non fugiat et unde beatae minus.', '733-759-8603', 'http://antone.org', 'Anonymous', '2023-10-27 20:53:16.011125', 'Anonymous', '2023-10-27 20:53:16.011125', 1, 'The automobile layout consists of a front-engine design, with transaxle-type transmissions mounted at the rear of the engine and four wheel drive', 0, 0),
(46, 'Intelligent Metal Bike Homestay', 'Est veritatis quis dolor eligendi. Dolor veniam nihil non error. Non magni deserunt tempora facere. Voluptatum molestiae aut eum quod modi velit ut quam. Aut repellat nam voluptates ad facere corrupti ut et molestiae. Vitae sapiente voluptas soluta rem non enim quam porro.', '351-582-8770', 'http://tiana.name', 'Anonymous', '2023-10-27 20:53:16.011126', 'Anonymous', '2023-10-27 20:53:16.011126', 1, 'The slim & simple Maple Gaming Keyboard from Dev Byte comes with a sleek body and 7- Color RGB LED Back-lighting for smart functionality', 0, 0),
(47, 'Refined Metal Chair Căn hộ', 'Et itaque nobis quo ratione. Consectetur officiis consequuntur voluptatem voluptates recusandae qui dolores aliquam. Doloremque magnam in dicta illum saepe. Quis dolorum voluptas ducimus tenetur. Neque nam aliquam nobis in. Expedita quis alias quibusdam qui sint odio magni facilis est.', '483-948-7518', 'http://jerel.biz', 'Anonymous', '2023-10-27 20:53:16.011128', 'Anonymous', '2023-10-27 20:53:16.011128', 3, 'The automobile layout consists of a front-engine design, with transaxle-type transmissions mounted at the rear of the engine and four wheel drive', 0, 0),
(48, 'Practical Concrete Ball Homestay', 'Recusandae sed voluptate eveniet quos itaque vitae. Qui et accusantium possimus non est animi. Harum exercitationem voluptas velit ut distinctio omnis. Delectus a fuga repellat consequatur harum quia. Dolores veritatis repellat voluptas corrupti non ea nemo dolor. Porro labore nesciunt.', '352-546-7965', 'http://rogelio.org', 'Anonymous', '2023-10-27 20:53:16.011129', 'Anonymous', '2023-10-27 20:53:16.011129', 1, 'Carbonite web goalkeeper gloves are ergonomically designed to give easy fit', 0, 0),
(49, 'Licensed Rubber Keyboard Resort', 'Aut sequi laboriosam laboriosam dolores. Non dolores aut ut. Repellendus iusto tempore tempore. Vel voluptas voluptatibus. Illum vel id quidem eos eos deserunt a fuga.', '962-701-0640', 'http://janelle.com', 'Anonymous', '2023-10-27 20:53:16.011130', 'Anonymous', '2023-10-27 20:53:16.011130', 5, 'New ABC 13 9370, 13.3, 5th Gen CoreA5-8250U, 8GB RAM, 256GB SSD, power UHD Graphics, OS 10 Home, OS Office A & J 2016', 0, 0),
(50, 'Incredible Frozen Table Căn hộ', 'Quia nihil quidem et. Et maiores dicta eveniet quia molestiae iure quos provident. Accusamus sint atque officiis et fuga sed.', '672-944-2045', 'http://germaine.name', 'Anonymous', '2023-10-27 20:53:16.011131', 'Anonymous', '2023-10-27 20:53:16.011131', 3, 'The beautiful range of Apple Naturalé that has an exciting mix of natural ingredients. With the Goodness of 100% Natural Ingredients', 0, 0),
(51, 'Tasty Soft Mouse Nhà nghỉ', 'Voluptatem ex quaerat. Aut optio vel velit minus ex beatae. Possimus iusto reprehenderit earum excepturi labore est ut. Molestiae eligendi ut. Velit ipsam commodi voluptatum veniam iure.', '991-667-1035', 'http://elise.name', 'Anonymous', '2023-10-27 20:53:16.011132', 'Anonymous', '2023-10-27 20:53:16.011133', 6, 'The Football Is Good For Training And Recreational Purposes', 0, 0),
(52, 'Handcrafted Steel Gloves Resort', 'Consequatur deserunt neque tenetur error iure. Ab quis quasi aperiam. Animi beatae sed distinctio et omnis vel est maxime voluptatem. Ipsam dolor et et sequi molestias cum itaque. Quae modi perspiciatis aperiam ducimus saepe fuga. Ex mollitia quasi omnis repudiandae unde accusamus.', '651-872-8810', 'http://hans.info', 'Anonymous', '2023-10-27 20:53:16.011134', 'Anonymous', '2023-10-27 20:53:16.011134', 5, 'Andy shoes are designed to keeping in mind durability as well as trends, the most stylish range of shoes & sandals', 0, 0),
(53, 'Awesome Fresh Ball Khách sạn', 'Tempora ut adipisci facere id. Veritatis quos sint et eius ullam consectetur doloribus. Aspernatur qui quibusdam reiciendis ut quasi optio dicta distinctio.', '624-552-5955', 'https://andres.name', 'Anonymous', '2023-10-27 20:53:16.011135', 'Anonymous', '2023-10-27 20:53:16.011135', 4, 'The Apollotech B340 is an affordable wireless mouse with reliable connectivity, 12 months battery life and modern design', 0, 0),
(54, 'Incredible Metal Tuna Resort', 'Quasi hic sint ad in iure doloribus. Ipsum molestiae quo aut quia laborum. Quo non aliquam corporis.', '821-337-1014', 'https://charity.name', 'Anonymous', '2023-10-27 20:53:16.011137', 'Anonymous', '2023-10-27 20:53:16.011137', 5, 'The Apollotech B340 is an affordable wireless mouse with reliable connectivity, 12 months battery life and modern design', 0, 0),
(55, 'Rustic Granite Fish Resort', 'Ut ea placeat eveniet rerum soluta voluptatum quos rem. Quidem distinctio quam ea libero ut at minus. Ut numquam in minima temporibus similique non. Beatae enim sit tenetur aut quas necessitatibus quia totam sunt.', '253-903-8386', 'http://gracie.name', 'Anonymous', '2023-10-27 20:53:16.011138', 'Anonymous', '2023-10-27 20:53:16.011138', 5, 'New range of formal shirts are designed keeping you in mind. With fits and styling that will make you stand apart', 0, 0),
(56, 'Gorgeous Frozen Chicken Nhà nghỉ', 'Libero aut nihil illo nostrum. Deleniti temporibus dolore. Et et sunt. Consequatur veniam ipsum ut ullam quasi aut et iusto velit.', '529-226-7854', 'https://marquis.com', 'Anonymous', '2023-10-27 20:53:16.011139', 'Anonymous', '2023-10-27 20:53:16.011139', 6, 'The automobile layout consists of a front-engine design, with transaxle-type transmissions mounted at the rear of the engine and four wheel drive', 0, 0),
(57, 'Generic Concrete Shoes Nhà nghỉ', 'Eum eos ea dignissimos facilis in error et. Dignissimos amet libero omnis aliquid sint occaecati. Est pariatur consequatur ipsum quisquam ullam nam aut. Aliquam et ex ea ex ex quis eos magnam. Necessitatibus commodi omnis iusto harum quo veniam. Recusandae aut suscipit sint magni facilis adipisci beatae similique et.', '217-238-8230', 'https://madonna.com', 'Anonymous', '2023-10-27 20:53:16.011140', 'Anonymous', '2023-10-27 20:53:16.011140', 6, 'The Apollotech B340 is an affordable wireless mouse with reliable connectivity, 12 months battery life and modern design', 0, 0),
(58, 'Gorgeous Granite Table Khách sạn', 'At velit aliquid. Occaecati aspernatur molestiae. Consequatur consequuntur commodi delectus possimus. Est et ut quos quia quod quis. Aut sit qui cupiditate corrupti et sunt rerum impedit deserunt.', '647-367-6604', 'http://bradford.name', 'Anonymous', '2023-10-27 20:53:16.011142', 'Anonymous', '2023-10-27 20:53:16.011142', 4, 'The Apollotech B340 is an affordable wireless mouse with reliable connectivity, 12 months battery life and modern design', 0, 0),
(59, 'Rustic Rubber Fish Căn hộ', 'Aperiam est maxime sit aut. Facilis omnis odit consequatur dolor sit explicabo qui consequuntur. Itaque dolorum eligendi autem aut.', '682-912-3616', 'https://talia.com', 'Anonymous', '2023-10-27 20:53:16.011143', 'Anonymous', '2023-10-27 20:53:16.011143', 3, 'The Nagasaki Lander is the trademarked name of several series of Nagasaki sport bikes, that started with the 1984 ABC800J', 0, 0),
(60, 'Fantastic Cotton Shoes Nhà riêng', 'Saepe sed debitis eligendi. Quis consequatur dolore eligendi dolore ducimus excepturi placeat. Et ullam sed eum unde assumenda. A consectetur earum ad sed.', '800-398-1226', 'http://anna.name', 'Anonymous', '2023-10-27 20:53:16.011143', 'Anonymous', '2023-10-27 20:53:16.011144', 2, 'The Football Is Good For Training And Recreational Purposes', 0, 0),
(61, 'Awesome Rubber Keyboard Khách sạn', 'Quo vel voluptatem illo sunt. Commodi id eos quaerat minus. Autem voluptate aut aut quia. Et occaecati et rerum reprehenderit et non. Et in aut doloremque nostrum. Aut aspernatur qui nostrum totam blanditiis est voluptates.', '708-495-5692', 'https://dedrick.biz', 'Anonymous', '2023-10-27 20:53:16.011145', 'Anonymous', '2023-10-27 20:53:16.011145', 4, 'The beautiful range of Apple Naturalé that has an exciting mix of natural ingredients. With the Goodness of 100% Natural Ingredients', 0, 0),
(62, 'Incredible Concrete Shirt Khách sạn', 'Atque labore ex. Aliquam ad voluptas blanditiis fuga iure ad consequuntur ab. Rem doloribus nihil error. Assumenda voluptas commodi vel quia. Reprehenderit sint expedita praesentium optio aut tempora minima sit reiciendis. Qui magni dolores.', '633-557-5937', 'http://grace.org', 'Anonymous', '2023-10-27 20:53:16.011146', 'Anonymous', '2023-10-27 20:53:16.011146', 4, 'Ergonomic executive chair upholstered in bonded black leather and PVC padded seat and back for all-day comfort and support', 0, 0),
(63, 'Practical Rubber Chair Nhà nghỉ', 'Veritatis doloribus ratione omnis beatae aut totam. Consequatur ea eum voluptates qui nihil. Consequatur corrupti maiores occaecati dolorem ut nisi sint. Molestiae nostrum repudiandae eaque quo tempora dolor. Vitae voluptas reiciendis optio nesciunt dolor.', '649-872-2252', 'https://vernice.biz', 'Anonymous', '2023-10-27 20:53:16.011147', 'Anonymous', '2023-10-27 20:53:16.011147', 6, 'The automobile layout consists of a front-engine design, with transaxle-type transmissions mounted at the rear of the engine and four wheel drive', 0, 0),
(64, 'Intelligent Frozen Tuna Resort', 'Explicabo delectus vero. Quibusdam porro saepe rem. A itaque debitis corrupti magni molestiae nesciunt quas. Velit saepe quasi a. Temporibus iusto est nisi assumenda sunt tempore incidunt.', '437-998-7849', 'https://mozell.net', 'Anonymous', '2023-10-27 20:53:16.011148', 'Anonymous', '2023-10-27 20:53:16.011148', 5, 'New range of formal shirts are designed keeping you in mind. With fits and styling that will make you stand apart', 0, 0),
(65, 'Licensed Metal Cheese Homestay', 'Qui qui earum. Aut dolores nisi labore voluptatibus et placeat maxime qui qui. Dolor rem et labore tempore aut rem. Iure neque provident et maxime odio. Est quos perferendis ut sit similique. Sed quia et ut accusantium ex quia quis.', '899-959-4342', 'https://henriette.biz', 'Anonymous', '2023-10-27 20:53:16.011150', 'Anonymous', '2023-10-27 20:53:16.011150', 1, 'The beautiful range of Apple Naturalé that has an exciting mix of natural ingredients. With the Goodness of 100% Natural Ingredients', 0, 0),
(66, 'Fantastic Cotton Tuna Khách sạn', 'Pariatur officia cumque eos odio dolores. Impedit necessitatibus reprehenderit. Vitae sit voluptas eos perspiciatis maiores animi occaecati reprehenderit. Eum molestiae at quo quia animi velit. Eligendi omnis explicabo sunt non et saepe non.', '316-247-2801', 'http://camren.biz', 'Anonymous', '2023-10-27 20:53:16.011151', 'Anonymous', '2023-10-27 20:53:16.011151', 4, 'The Apollotech B340 is an affordable wireless mouse with reliable connectivity, 12 months battery life and modern design', 0, 0),
(67, 'Gorgeous Wooden Soap Homestay', 'Dolorum et suscipit nihil sed. Voluptatibus sunt enim repellat quia natus et facilis fugiat. Omnis esse mollitia quisquam consequatur iste ipsa.', '273-518-5545', 'http://michelle.net', 'Anonymous', '2023-10-27 20:53:16.011152', 'Anonymous', '2023-10-27 20:53:16.011152', 1, 'The Apollotech B340 is an affordable wireless mouse with reliable connectivity, 12 months battery life and modern design', 0, 0),
(68, 'Practical Plastic Chair Nhà nghỉ', 'Nihil officiis quidem quam. Suscipit magni quaerat nam. Quo dolores reiciendis ex. Eum ut blanditiis fugiat est nulla. Quos laboriosam et dolores quasi voluptatem excepturi quibusdam.', '736-630-9502', 'https://maud.net', 'Anonymous', '2023-10-27 20:53:16.011153', 'Anonymous', '2023-10-27 20:53:16.011154', 6, 'Carbonite web goalkeeper gloves are ergonomically designed to give easy fit', 0, 0),
(69, 'Gorgeous Granite Gloves Khách sạn', 'Deleniti numquam hic qui cum ea cumque porro consequuntur quo. Totam consequatur ipsa atque eos quaerat qui. Aut maiores ratione laborum magni. Deleniti odit eius. Aliquam doloremque maxime atque sit laudantium reprehenderit exercitationem iure amet. Nulla mollitia sit dolorem rerum et amet expedita laboriosam.', '617-811-2945', 'https://hannah.biz', 'Anonymous', '2023-10-27 20:53:16.011155', 'Anonymous', '2023-10-27 20:53:16.011155', 4, 'The Apollotech B340 is an affordable wireless mouse with reliable connectivity, 12 months battery life and modern design', 0, 0),
(70, 'Handmade Fresh Ball Homestay', 'Quis natus est non quos saepe iusto quo. Blanditiis facilis rerum quis labore officiis molestias ea quia possimus. Doloribus et quisquam cum eos qui sapiente.', '364-671-9547', 'http://maya.info', 'Anonymous', '2023-10-27 20:53:16.011156', 'Anonymous', '2023-10-27 20:53:16.011156', 1, 'The automobile layout consists of a front-engine design, with transaxle-type transmissions mounted at the rear of the engine and four wheel drive', 0, 0),
(71, 'Tasty Plastic Computer Căn hộ', 'Quas temporibus repudiandae ut magnam ducimus enim. Unde quo distinctio possimus repudiandae eligendi iste recusandae officiis. Quia voluptas molestias harum enim id minima mollitia officia sint.', '771-534-4263', 'https://henderson.info', 'Anonymous', '2023-10-27 20:53:16.011158', 'Anonymous', '2023-10-27 20:53:16.011158', 3, 'The Football Is Good For Training And Recreational Purposes', 0, 0),
(72, 'Handcrafted Cotton Gloves Khách sạn', 'Laboriosam aut possimus sed sit necessitatibus dolores non. Voluptatem sed quisquam repellendus aut nihil aut. Animi aperiam sapiente quasi aliquid. Eveniet vel ea ab excepturi mollitia. Non ab deserunt possimus laborum illo consequatur voluptas.', '488-860-4694', 'https://samara.info', 'Anonymous', '2023-10-27 20:53:16.011159', 'Anonymous', '2023-10-27 20:53:16.011159', 4, 'The Football Is Good For Training And Recreational Purposes', 0, 0),
(73, 'Incredible Metal Ball Resort', 'Corporis nesciunt quibusdam dignissimos ut velit. Voluptas sapiente quia doloribus similique. Dolorem in sit. Nisi tenetur totam qui quod quaerat eos.', '790-233-3182', 'https://ara.net', 'Anonymous', '2023-10-27 20:53:16.011159', 'Anonymous', '2023-10-27 20:53:16.011160', 5, 'The automobile layout consists of a front-engine design, with transaxle-type transmissions mounted at the rear of the engine and four wheel drive', 0, 0),
(74, 'Gorgeous Concrete Pizza Khách sạn', 'Voluptatibus laborum nihil et. Aperiam ut tempore. Ex qui quas vitae aliquam ut enim excepturi eum tempora. Et sapiente eligendi nihil assumenda impedit dolores ut incidunt. Aut magnam quo rerum.', '230-528-8212', 'https://prudence.biz', 'Anonymous', '2023-10-27 20:53:16.011161', 'Anonymous', '2023-10-27 20:53:16.011161', 4, 'Ergonomic executive chair upholstered in bonded black leather and PVC padded seat and back for all-day comfort and support', 0, 0),
(75, 'Unbranded Metal Shirt Homestay', 'Dolor id aut in delectus nihil. Quo quod nam impedit quidem voluptate. Voluptate impedit officia ipsam mollitia nesciunt. Doloremque maxime enim incidunt. Molestias consequatur ex est facilis corporis impedit. Minima dolor rerum omnis est temporibus.', '778-858-8323', 'https://elenor.info', 'Anonymous', '2023-10-27 20:53:16.011162', 'Anonymous', '2023-10-27 20:53:16.011162', 1, 'The Football Is Good For Training And Recreational Purposes', 0, 0),
(76, 'Refined Steel Bacon Resort', 'Fugit quibusdam aut quas. Qui vitae repudiandae labore. Voluptatibus ea sunt ut similique ut quia.', '352-588-5026', 'http://cheyenne.net', 'Anonymous', '2023-10-27 20:53:16.011163', 'Anonymous', '2023-10-27 20:53:16.011163', 5, 'The beautiful range of Apple Naturalé that has an exciting mix of natural ingredients. With the Goodness of 100% Natural Ingredients', 0, 0),
(77, 'Rustic Cotton Computer Resort', 'Ex laudantium officiis voluptas corporis eum. Voluptate officia molestias. Officia illo dolorem non est earum et velit. Sint eos iusto sunt quia esse ut. Aut id ex quia qui blanditiis.', '905-822-1344', 'https://merle.net', 'Anonymous', '2023-10-27 20:53:16.011164', 'Anonymous', '2023-10-27 20:53:16.011164', 5, 'New range of formal shirts are designed keeping you in mind. With fits and styling that will make you stand apart', 0, 0),
(78, 'Sleek Granite Bike Nhà nghỉ', 'Aut est et molestias sed vel. Consequatur accusamus eos quasi ut fuga sapiente velit dolore. Qui ab voluptatem unde nobis nulla. Temporibus nihil accusamus modi.', '321-787-3562', 'http://rosendo.info', 'Anonymous', '2023-10-27 20:53:16.011165', 'Anonymous', '2023-10-27 20:53:16.011165', 6, 'The Apollotech B340 is an affordable wireless mouse with reliable connectivity, 12 months battery life and modern design', 0, 0),
(79, 'Ergonomic Granite Ball Khách sạn', 'Distinctio culpa excepturi blanditiis est quidem quia molestiae vel pariatur. Assumenda dolores enim incidunt id cumque voluptate labore provident. Asperiores ea similique ullam nihil. Eveniet voluptas laudantium.', '969-303-5406', 'http://ashlee.info', 'Anonymous', '2023-10-27 20:53:16.011167', 'Anonymous', '2023-10-27 20:53:16.011167', 4, 'The Football Is Good For Training And Recreational Purposes', 0, 0),
(80, 'Licensed Soft Tuna Khách sạn', 'Qui occaecati et vero minus tempore. Itaque et qui eos atque possimus ullam suscipit eum. Consequatur recusandae facere delectus est aut iure aliquid id. Consequatur laudantium autem voluptas enim labore qui voluptatem architecto consequatur. Velit voluptatem reiciendis qui eaque non. Quae ullam eum.', '552-250-6321', 'http://robin.biz', 'Anonymous', '2023-10-27 20:53:16.011168', 'Anonymous', '2023-10-27 20:53:16.011168', 4, 'The automobile layout consists of a front-engine design, with transaxle-type transmissions mounted at the rear of the engine and four wheel drive', 0, 0),
(81, 'Gorgeous Fresh Keyboard Khách sạn', 'Incidunt mollitia veritatis. At est quo. Deleniti consectetur eveniet facilis. Esse ut dolor eligendi autem quia porro.', '473-292-2937', 'https://thomas.info', 'Anonymous', '2023-10-27 20:53:16.011169', 'Anonymous', '2023-10-27 20:53:16.011170', 4, 'The slim & simple Maple Gaming Keyboard from Dev Byte comes with a sleek body and 7- Color RGB LED Back-lighting for smart functionality', 0, 0),
(82, 'Rustic Granite Chips Resort', 'Dolorem quisquam tempora odit accusantium et. Consectetur esse eligendi qui aspernatur fugiat nemo. Est quos quia non architecto earum cum id ex molestiae.', '810-900-2694', 'https://lexi.info', 'Anonymous', '2023-10-27 20:53:16.011171', 'Anonymous', '2023-10-27 20:53:16.011171', 5, 'Andy shoes are designed to keeping in mind durability as well as trends, the most stylish range of shoes & sandals', 0, 0),
(83, 'Handcrafted Cotton Shirt Nhà riêng', 'Omnis quidem soluta nihil qui quidem fugit atque dolore. Aperiam sapiente dolorum ut omnis perferendis deleniti. Illum tempora quod quo quia. Blanditiis dolorem dolorem debitis ab. Aspernatur ullam dolorem tempora qui beatae.', '657-756-7954', 'https://melyna.name', 'Anonymous', '2023-10-27 20:53:16.011172', 'Anonymous', '2023-10-27 20:53:16.011172', 2, 'The Apollotech B340 is an affordable wireless mouse with reliable connectivity, 12 months battery life and modern design', 0, 0),
(84, 'Intelligent Plastic Ball Homestay', 'Non iure qui eligendi. Voluptate eum repellendus. Eos rerum sapiente voluptatibus sit nostrum eos reiciendis.', '220-696-2509', 'http://adelbert.biz', 'Anonymous', '2023-10-27 20:53:16.011173', 'Anonymous', '2023-10-27 20:53:16.011173', 1, 'The beautiful range of Apple Naturalé that has an exciting mix of natural ingredients. With the Goodness of 100% Natural Ingredients', 0, 0),
(85, 'Generic Metal Cheese Khách sạn', 'Deleniti et consequuntur id velit aliquam autem. Quia accusantium dignissimos ut. Quidem quis sint suscipit neque quaerat distinctio veniam sit. Et qui quos esse molestiae.', '218-612-0276', 'https://nichole.com', 'Anonymous', '2023-10-27 20:53:16.011174', 'Anonymous', '2023-10-27 20:53:16.011174', 4, 'The Nagasaki Lander is the trademarked name of several series of Nagasaki sport bikes, that started with the 1984 ABC800J', 0, 0),
(86, 'Gorgeous Wooden Ball Homestay', 'Soluta quia odio. Quia voluptatem et. Molestiae rerum sed veniam. Laudantium ut iure nihil non autem ut deserunt quasi. Voluptate autem et eligendi accusantium.', '945-393-5812', 'https://dariana.net', 'Anonymous', '2023-10-27 20:53:16.011175', 'Anonymous', '2023-10-27 20:53:16.011176', 1, 'Andy shoes are designed to keeping in mind durability as well as trends, the most stylish range of shoes & sandals', 0, 0),
(87, 'Fantastic Frozen Chips Homestay', 'Rerum aliquid consequatur et. Commodi omnis dolores cupiditate molestias et. Aut unde ratione error sed necessitatibus. Earum consequatur qui soluta eos. Quas maxime omnis aliquid ducimus.', '320-284-3119', 'https://evan.net', 'Anonymous', '2023-10-27 20:53:16.011177', 'Anonymous', '2023-10-27 20:53:16.011177', 1, 'Ergonomic executive chair upholstered in bonded black leather and PVC padded seat and back for all-day comfort and support', 0, 0),
(88, 'Incredible Granite Bacon Khách sạn', 'Provident placeat iure. Voluptatem praesentium quia aut maxime pariatur saepe. Harum voluptatem sunt voluptates ut accusamus laborum. Recusandae inventore error nisi earum necessitatibus rerum. Provident qui dolores laborum architecto.', '435-471-2740', 'http://jaiden.net', 'Anonymous', '2023-10-27 20:53:16.011178', 'Anonymous', '2023-10-27 20:53:16.011178', 4, 'New ABC 13 9370, 13.3, 5th Gen CoreA5-8250U, 8GB RAM, 256GB SSD, power UHD Graphics, OS 10 Home, OS Office A & J 2016', 0, 0),
(89, 'Refined Plastic Ball Căn hộ', 'Natus accusantium vel nostrum corporis dicta porro voluptas dolores commodi. Et earum quisquam et corporis dicta. Quidem ut nihil deleniti eius officia aperiam ipsa. Harum beatae tempore nobis sequi soluta in. Vel sunt in et. Numquam vitae quia qui et voluptas ut.', '907-503-6346', 'http://leslie.biz', 'Anonymous', '2023-10-27 20:53:16.011179', 'Anonymous', '2023-10-27 20:53:16.011179', 3, 'Andy shoes are designed to keeping in mind durability as well as trends, the most stylish range of shoes & sandals', 0, 0),
(90, 'Generic Metal Fish Nhà riêng', 'Similique quia consequuntur omnis iusto eum quia voluptatem. Quos est rerum non error placeat. Quas porro rem.', '673-970-8713', 'https://emmy.biz', 'Anonymous', '2023-10-27 20:53:16.011181', 'Anonymous', '2023-10-27 20:53:16.011181', 2, 'Boston\'s most advanced compression wear technology increases muscle oxygenation, stabilizes active muscles', 0, 0),
(91, 'Awesome Granite Towels Homestay', 'Porro blanditiis ut itaque ut. Velit officiis nulla qui ut aut officia omnis. Sapiente laborum autem atque eum ut minima beatae deserunt. Molestiae nostrum debitis. Et sit maxime. Labore quia sunt corrupti velit quo maiores quia.', '636-756-4245', 'http://darion.info', 'Anonymous', '2023-10-27 20:53:16.011182', 'Anonymous', '2023-10-27 20:53:16.011182', 1, 'New ABC 13 9370, 13.3, 5th Gen CoreA5-8250U, 8GB RAM, 256GB SSD, power UHD Graphics, OS 10 Home, OS Office A & J 2016', 0, 0),
(92, 'Small Steel Mouse Resort', 'Ea ut maxime asperiores ea deserunt ad dicta. Perspiciatis quos quo aliquid labore accusantium unde dolor et. Qui illo consequatur enim tempore. Numquam quia tempore cupiditate earum aut dolorum sunt quo consequatur. Sunt aspernatur assumenda fuga deserunt dolore quis magni. Dolorem ducimus ea quos sit enim earum.', '514-440-1424', 'http://orrin.info', 'Anonymous', '2023-10-27 20:53:16.011183', 'Anonymous', '2023-10-27 20:53:16.011183', 5, 'The Football Is Good For Training And Recreational Purposes', 0, 0),
(93, 'Awesome Fresh Tuna Khách sạn', 'Ex sit omnis quia illum dolores ea. Voluptas dicta sed eaque nulla quia. Aut est iste cum consequatur qui iure. Culpa architecto occaecati optio. Aut quia rerum et eveniet eos. Vel quibusdam minus autem.', '434-664-3480', 'http://dariana.info', 'Anonymous', '2023-10-27 20:53:16.011185', 'Anonymous', '2023-10-27 20:53:16.011185', 4, 'The automobile layout consists of a front-engine design, with transaxle-type transmissions mounted at the rear of the engine and four wheel drive', 0, 0),
(94, 'Gorgeous Concrete Shoes Khách sạn', 'Et ut nihil provident quibusdam fuga quo fuga soluta delectus. Laborum qui at consequatur eaque quidem possimus natus aliquid. Asperiores fugiat et qui quisquam placeat.', '350-832-6689', 'http://troy.biz', 'Anonymous', '2023-10-27 20:53:16.011186', 'Anonymous', '2023-10-27 20:53:16.011186', 4, 'New range of formal shirts are designed keeping you in mind. With fits and styling that will make you stand apart', 0, 0),
(95, 'Handmade Frozen Keyboard Căn hộ', 'In distinctio quod est quia. Qui ut possimus illum enim. Omnis recusandae nostrum est ut iste deserunt velit non. Ullam ipsam soluta dignissimos non sed aut vero.', '876-597-6163', 'https://sedrick.biz', 'Anonymous', '2023-10-27 20:53:16.011187', 'Anonymous', '2023-10-27 20:53:16.011187', 3, 'The slim & simple Maple Gaming Keyboard from Dev Byte comes with a sleek body and 7- Color RGB LED Back-lighting for smart functionality', 0, 0),
(96, 'Intelligent Soft Chair Resort', 'Nisi repellendus nostrum quas officiis nostrum dolorem et sequi impedit. Qui voluptas et sed distinctio id. Unde qui illo illo et qui recusandae.', '372-733-3326', 'http://reyes.biz', 'Anonymous', '2023-10-27 20:53:16.011189', 'Anonymous', '2023-10-27 20:53:16.011189', 5, 'The Football Is Good For Training And Recreational Purposes', 0, 0),
(97, 'Fantastic Soft Shirt Căn hộ', 'Magni repellendus dignissimos et dolores nemo vel. Dignissimos vel doloremque nisi voluptas. Veniam reprehenderit consectetur enim omnis pariatur at nemo eum.', '522-568-6205', 'https://grover.info', 'Anonymous', '2023-10-27 20:53:16.011190', 'Anonymous', '2023-10-27 20:53:16.011190', 3, 'The automobile layout consists of a front-engine design, with transaxle-type transmissions mounted at the rear of the engine and four wheel drive', 0, 0),
(98, 'Practical Steel Salad Homestay', 'Quaerat dolorem ullam vitae vel amet in. Quisquam odit sed maiores et dolor quia. Sed in non sequi. Tempore nam ut autem in.', '345-504-9988', 'http://chasity.name', 'Anonymous', '2023-10-27 20:53:16.011193', 'Anonymous', '2023-10-27 20:53:16.011193', 1, 'The beautiful range of Apple Naturalé that has an exciting mix of natural ingredients. With the Goodness of 100% Natural Ingredients', 0, 0),
(99, 'Small Granite Salad Khách sạn', 'Similique eum ducimus alias. Aut explicabo ut ipsa magni. Mollitia officiis porro sed et veritatis. Occaecati excepturi accusamus dolorum. Voluptatem velit minus qui. Voluptates officia laudantium eaque et tempore.', '526-235-5294', 'http://ulises.name', 'Anonymous', '2023-10-27 20:53:16.011194', 'Anonymous', '2023-10-27 20:53:16.011194', 4, 'The slim & simple Maple Gaming Keyboard from Dev Byte comes with a sleek body and 7- Color RGB LED Back-lighting for smart functionality', 0, 0),
(100, 'Unbranded Granite Fish Homestay', 'Dolor nemo laudantium explicabo aut est inventore cumque consequuntur. Praesentium magnam non quo velit cum illo. Aut minima rerum esse mollitia id deleniti ut et inventore.', '310-309-5276', 'http://hermina.net', 'Anonymous', '2023-10-27 20:53:16.011197', 'Anonymous', '2023-10-27 20:53:16.011197', 1, 'New ABC 13 9370, 13.3, 5th Gen CoreA5-8250U, 8GB RAM, 256GB SSD, power UHD Graphics, OS 10 Home, OS Office A & J 2016', 0, 0),
(101, 'Handcrafted Plastic Computer Nhà riêng', 'Sed unde quam dolorem porro modi dolore nobis et. Quibusdam quo excepturi soluta quis cum. Qui vel non alias voluptas inventore dolorem quo magnam. Possimus sint eum corporis ut est ipsa. Sit sint incidunt quisquam vitae voluptate voluptas sint. Inventore soluta aut tempora quibusdam.', '268-888-6482', 'http://braden.name', 'Anonymous', '2023-10-27 20:53:16.011198', 'Anonymous', '2023-10-27 20:53:16.011198', 2, 'New range of formal shirts are designed keeping you in mind. With fits and styling that will make you stand apart', 0, 0),
(102, 'Licensed Wooden Chicken Homestay', 'Magnam dolorem minima maxime accusantium sapiente maiores. Labore consequatur delectus doloremque ut id sit. Nihil molestiae tempora et voluptatibus. Eveniet et voluptatem.', '630-315-7110', 'http://aliya.info', 'Anonymous', '2023-10-27 20:53:16.011199', 'Anonymous', '2023-10-27 20:53:16.011199', 1, 'New ABC 13 9370, 13.3, 5th Gen CoreA5-8250U, 8GB RAM, 256GB SSD, power UHD Graphics, OS 10 Home, OS Office A & J 2016', 0, 0);
INSERT INTO `hotels` (`Id`, `Name`, `Notes`, `PhoneNumber`, `WebsiteAddress`, `CreatedBy`, `CreatedAt`, `ModifiedBy`, `ModifiedAt`, `CategoryId`, `Description`, `ReviewCount`, `ReviewRating`) VALUES
(103, 'Fantastic Frozen Chicken Nhà nghỉ', 'Placeat consequatur id quis eveniet a sed delectus molestiae. Qui voluptas rerum consequuntur quis. Dolores labore non et voluptatem earum distinctio. Ut ut voluptatem qui numquam labore nemo. Nam ducimus veritatis voluptas voluptatem consequatur.', '675-669-1287', 'https://darren.name', 'Anonymous', '2023-10-27 20:53:16.011200', 'Anonymous', '2023-10-27 20:53:16.011201', 6, 'Andy shoes are designed to keeping in mind durability as well as trends, the most stylish range of shoes & sandals', 0, 0),
(104, 'Awesome Plastic Keyboard Resort', 'Vero voluptatibus vel officia consectetur ut ipsam laborum et. Ut harum ut culpa aut. Optio possimus aperiam sit est rerum quia dolor libero rerum. Similique rerum aliquid ut tempore. A debitis est excepturi corporis nesciunt sunt quisquam voluptatibus est.', '443-714-3651', 'https://diego.com', 'Anonymous', '2023-10-27 20:53:16.011202', 'Anonymous', '2023-10-27 20:53:16.011202', 5, 'The Apollotech B340 is an affordable wireless mouse with reliable connectivity, 12 months battery life and modern design', 0, 0),
(105, 'Incredible Metal Mouse Resort', 'Eius incidunt quidem sit ad esse ullam sed enim repellat. Necessitatibus velit natus voluptas recusandae fugit voluptatem. Aut voluptatem qui qui dolor nihil et consequatur.', '937-494-0212', 'http://oceane.info', 'Anonymous', '2023-10-27 20:53:16.011203', 'Anonymous', '2023-10-27 20:53:16.011203', 5, 'Andy shoes are designed to keeping in mind durability as well as trends, the most stylish range of shoes & sandals', 0, 0),
(106, 'Handcrafted Cotton Pizza Nhà riêng', 'Suscipit repellat eveniet tempore non ipsam fugit sequi. Nam ut dolor. Corporis omnis natus tenetur neque vitae officia consequuntur sequi. Molestiae et nulla hic.', '371-405-2895', 'https://tremaine.net', 'Anonymous', '2023-10-27 20:53:16.011204', 'Anonymous', '2023-10-27 20:53:16.011204', 2, 'The beautiful range of Apple Naturalé that has an exciting mix of natural ingredients. With the Goodness of 100% Natural Ingredients', 0, 0),
(107, 'Incredible Metal Sausages Homestay', 'Voluptatibus ducimus voluptatum illum maxime cupiditate. Est et sint. Ea nihil odio nulla sit vel.', '446-205-4347', 'http://joyce.com', 'Anonymous', '2023-10-27 20:53:16.011205', 'Anonymous', '2023-10-27 20:53:16.011206', 1, 'Andy shoes are designed to keeping in mind durability as well as trends, the most stylish range of shoes & sandals', 0, 0),
(108, 'Unbranded Rubber Computer Khách sạn', 'Dolor non aut et quod rem aliquid dignissimos voluptate. Ullam dolores possimus. Nihil animi voluptatem ipsa rerum. Occaecati id sunt animi occaecati. Cupiditate vel recusandae sunt doloribus ut autem velit. Vel asperiores quis id aliquid voluptatibus nisi totam aut.', '343-480-3147', 'https://brayan.com', 'Anonymous', '2023-10-27 20:53:16.011207', 'Anonymous', '2023-10-27 20:53:16.011207', 4, 'New ABC 13 9370, 13.3, 5th Gen CoreA5-8250U, 8GB RAM, 256GB SSD, power UHD Graphics, OS 10 Home, OS Office A & J 2016', 0, 0),
(109, 'Rustic Plastic Bacon Nhà nghỉ', 'Optio iste laudantium omnis inventore est sint est. Aut qui dolore inventore. Rerum et eos perferendis soluta ratione amet voluptas blanditiis. Cum vitae mollitia molestias. Nihil voluptatem cum.', '882-929-0398', 'https://meghan.net', 'Anonymous', '2023-10-27 20:53:16.011208', 'Anonymous', '2023-10-27 20:53:16.011208', 6, 'The Nagasaki Lander is the trademarked name of several series of Nagasaki sport bikes, that started with the 1984 ABC800J', 0, 0),
(110, 'Awesome Cotton Sausages Căn hộ', 'Blanditiis velit eos veniam repudiandae veritatis impedit. Rerum cumque id ut illum similique totam qui ut. Occaecati dolor sit tenetur et enim in ex. Ex et eos quibusdam quibusdam neque vero. Sed voluptatem deserunt veritatis fugiat officia et temporibus eius.', '273-922-1785', 'http://albina.info', 'Anonymous', '2023-10-27 20:53:16.011209', 'Anonymous', '2023-10-27 20:53:16.011209', 3, 'New range of formal shirts are designed keeping you in mind. With fits and styling that will make you stand apart', 0, 0),
(111, 'Refined Rubber Hat Homestay', 'Pariatur provident tempore sequi dolorem et mollitia. Aut ut fugit id omnis soluta eum aspernatur omnis error. Consequuntur debitis voluptatum aut sit officia sunt. Perferendis illum sed vel delectus totam dolores. Vero omnis facilis ad. Eius quia temporibus saepe ex perferendis inventore.', '745-972-5347', 'https://nickolas.org', 'Anonymous', '2023-10-27 20:53:16.011210', 'Anonymous', '2023-10-27 20:53:16.011210', 1, 'The automobile layout consists of a front-engine design, with transaxle-type transmissions mounted at the rear of the engine and four wheel drive', 0, 0),
(112, 'Generic Frozen Fish Nhà nghỉ', 'Id magnam consectetur omnis impedit aut. Dolor eum libero laboriosam excepturi velit quis ut ipsam. Et cumque animi molestias libero. Vitae sunt sit.', '274-357-3904', 'http://elinor.net', 'Anonymous', '2023-10-27 20:53:16.011212', 'Anonymous', '2023-10-27 20:53:16.011212', 6, 'The Football Is Good For Training And Recreational Purposes', 0, 0),
(113, 'Incredible Steel Mouse Homestay', 'Voluptatem pariatur dicta. A et aut ipsum voluptas impedit. Architecto reiciendis aut laudantium cumque cum molestias possimus aut sapiente. Reprehenderit ab placeat nihil qui tempore. Et quibusdam quia sed fuga repudiandae reprehenderit.', '427-694-8786', 'https://rusty.info', 'Anonymous', '2023-10-27 20:53:16.011213', 'Anonymous', '2023-10-27 20:53:16.011213', 1, 'Carbonite web goalkeeper gloves are ergonomically designed to give easy fit', 0, 0),
(114, 'Refined Steel Keyboard Homestay', 'Aliquam deserunt quia tempore voluptas. Distinctio qui incidunt voluptatem vero. Optio ut voluptates laudantium assumenda. Autem est voluptatem ad sint iusto dolores. Magnam ducimus ut ut sit laudantium consectetur laboriosam libero tempora. Quae omnis laborum voluptatibus magnam dolorum dolorem ut mollitia dolor.', '209-666-5185', 'http://lilla.com', 'Anonymous', '2023-10-27 20:53:16.011214', 'Anonymous', '2023-10-27 20:53:16.011215', 1, 'The automobile layout consists of a front-engine design, with transaxle-type transmissions mounted at the rear of the engine and four wheel drive', 0, 0),
(115, 'Small Wooden Ball Nhà riêng', 'Quisquam eveniet nihil fugiat voluptatibus. Provident nulla error ex aut. Perferendis non quaerat natus eum.', '587-231-7792', 'https://titus.com', 'Anonymous', '2023-10-27 20:53:16.011216', 'Anonymous', '2023-10-27 20:53:16.011216', 2, 'Ergonomic executive chair upholstered in bonded black leather and PVC padded seat and back for all-day comfort and support', 0, 0),
(116, 'Incredible Granite Chicken Nhà riêng', 'Voluptas saepe consequatur voluptatum illo sit qui saepe quia aut. Delectus dolorem ullam officia sequi iusto placeat vitae blanditiis distinctio. Veritatis eos itaque expedita ut voluptate. Magni possimus et architecto architecto iure ea.', '996-418-8117', 'https://jorge.info', 'Anonymous', '2023-10-27 20:53:16.011217', 'Anonymous', '2023-10-27 20:53:16.011217', 2, 'New range of formal shirts are designed keeping you in mind. With fits and styling that will make you stand apart', 0, 0),
(117, 'Unbranded Frozen Gloves Căn hộ', 'Nihil libero molestiae beatae enim voluptate enim non placeat. Dolor non fugit magnam. Aut amet ducimus asperiores aut quo.', '656-475-3130', 'http://declan.net', 'Anonymous', '2023-10-27 20:53:16.011218', 'Anonymous', '2023-10-27 20:53:16.011218', 3, 'Ergonomic executive chair upholstered in bonded black leather and PVC padded seat and back for all-day comfort and support', 0, 0),
(118, 'Incredible Concrete Mouse Nhà nghỉ', 'Beatae omnis ex velit. Similique iste quibusdam fugit est sequi qui mollitia. Qui molestiae repellat suscipit.', '898-670-5716', 'https://kirk.org', 'Anonymous', '2023-10-27 20:53:16.011220', 'Anonymous', '2023-10-27 20:53:16.011220', 6, 'The Football Is Good For Training And Recreational Purposes', 0, 0),
(119, 'Licensed Wooden Gloves Nhà nghỉ', 'Harum reiciendis inventore ullam iste necessitatibus sit totam. Fugiat optio non ea ad id optio veritatis placeat. Et maiores reiciendis optio quia. Dolores sit perferendis sit magni repudiandae eum totam magni aut. Non dolore veritatis non sapiente quo et qui tempore qui. Dolor animi enim.', '738-577-6113', 'http://lou.name', 'Anonymous', '2023-10-27 20:53:16.011221', 'Anonymous', '2023-10-27 20:53:16.011221', 6, 'The beautiful range of Apple Naturalé that has an exciting mix of natural ingredients. With the Goodness of 100% Natural Ingredients', 0, 0),
(120, 'Gorgeous Wooden Soap Resort', 'Et est cumque quibusdam quas ab sit est provident commodi. Et beatae est et saepe qui inventore quidem. Repellendus ratione maiores modi nisi et sunt. Magni ab est nostrum provident voluptatem. Odio nisi non sint occaecati molestiae nostrum libero adipisci. Praesentium quia quas qui.', '552-706-6197', 'http://lonzo.info', 'Anonymous', '2023-10-27 20:53:16.011222', 'Anonymous', '2023-10-27 20:53:16.011222', 5, 'The slim & simple Maple Gaming Keyboard from Dev Byte comes with a sleek body and 7- Color RGB LED Back-lighting for smart functionality', 0, 0),
(121, 'Tasty Concrete Gloves Căn hộ', 'Culpa beatae nesciunt. Facilis qui sit commodi iste at aut. Voluptas libero consectetur quae beatae quo perferendis quaerat. Beatae qui corporis illo. Quos nemo quisquam. Exercitationem animi sint omnis harum fuga animi voluptatem distinctio rem.', '342-796-4326', 'http://hassie.com', 'Anonymous', '2023-10-27 20:53:16.011224', 'Anonymous', '2023-10-27 20:53:16.011224', 3, 'The beautiful range of Apple Naturalé that has an exciting mix of natural ingredients. With the Goodness of 100% Natural Ingredients', 0, 0),
(122, 'Rustic Wooden Bike Nhà riêng', 'Sed quia voluptatibus odio ut sed omnis eos qui. Amet accusamus numquam. Velit accusantium officia ea dolor ut modi.', '460-608-6949', 'https://emely.org', 'Anonymous', '2023-10-27 20:53:16.011225', 'Anonymous', '2023-10-27 20:53:16.011225', 2, 'Carbonite web goalkeeper gloves are ergonomically designed to give easy fit', 0, 0),
(123, 'Rustic Plastic Hat Homestay', 'Voluptate ipsum ut omnis consequuntur sit. Vel atque quisquam natus voluptas nihil. Ipsa ut temporibus doloribus reiciendis aut.', '327-361-5205', 'https://guillermo.info', 'Anonymous', '2023-10-27 20:53:16.011226', 'Anonymous', '2023-10-27 20:53:16.011226', 1, 'The Nagasaki Lander is the trademarked name of several series of Nagasaki sport bikes, that started with the 1984 ABC800J', 0, 0),
(124, 'Generic Concrete Keyboard Resort', 'Amet dolorem ut et est. Dolor possimus commodi accusantium nihil. Ut quisquam consectetur quas aut cumque velit. Tenetur odio eaque fuga incidunt vel doloribus eum omnis qui. Ipsa quia sed aperiam sint itaque ipsa quae voluptates. Aut excepturi culpa dolor odit perspiciatis.', '850-568-7999', 'https://vicenta.net', 'Anonymous', '2023-10-27 20:53:16.011228', 'Anonymous', '2023-10-27 20:53:16.011228', 5, 'Ergonomic executive chair upholstered in bonded black leather and PVC padded seat and back for all-day comfort and support', 0, 0),
(125, 'Tasty Cotton Cheese Khách sạn', 'Dolorem magnam odio libero et vel. Tempore et quam error. Maiores natus voluptate aut. Occaecati nihil blanditiis. Nobis aliquid delectus in suscipit amet harum itaque quia deleniti.', '511-536-9609', 'https://kraig.com', 'Anonymous', '2023-10-27 20:53:16.011229', 'Anonymous', '2023-10-27 20:53:16.011229', 4, 'Boston\'s most advanced compression wear technology increases muscle oxygenation, stabilizes active muscles', 0, 0),
(126, 'Handmade Wooden Soap Nhà riêng', 'Cupiditate quos quia similique quia natus voluptas. Quia sint delectus earum iusto quia autem. Cum nisi voluptatem ducimus ratione autem temporibus excepturi sequi. Totam ullam enim sint accusantium. Eaque maxime qui voluptas.', '251-735-3876', 'http://ryder.net', 'Anonymous', '2023-10-27 20:53:16.011231', 'Anonymous', '2023-10-27 20:53:16.011231', 2, 'Boston\'s most advanced compression wear technology increases muscle oxygenation, stabilizes active muscles', 0, 0),
(127, 'Gorgeous Fresh Car Homestay', 'Sed consequatur in molestiae tempora omnis non aut autem optio. Nisi nostrum soluta sit placeat aut cum nemo nihil sint. Eligendi corrupti amet incidunt labore. Atque porro consequuntur accusamus consectetur magnam adipisci. Harum nihil odio enim.', '308-702-9923', 'http://pat.net', 'Anonymous', '2023-10-27 20:53:16.011232', 'Anonymous', '2023-10-27 20:53:16.011232', 1, 'The beautiful range of Apple Naturalé that has an exciting mix of natural ingredients. With the Goodness of 100% Natural Ingredients', 0, 0),
(128, 'Handmade Metal Salad Nhà riêng', 'Dolor enim rerum nulla officiis. In qui commodi. Omnis alias assumenda. Est quaerat officiis maxime quos aut. Nemo recusandae est sunt culpa qui repudiandae ut corrupti sunt.', '608-259-4631', 'http://rosario.net', 'Anonymous', '2023-10-27 20:53:16.011234', 'Anonymous', '2023-10-27 20:53:16.011234', 2, 'Boston\'s most advanced compression wear technology increases muscle oxygenation, stabilizes active muscles', 0, 0),
(129, 'Unbranded Steel Soap Resort', 'Eum ipsam velit iure aut perferendis incidunt minus saepe. Sed at dolorum consequatur dolores ab. Commodi quos eos qui. Placeat quam et ipsam omnis commodi quo dolore voluptas occaecati. Repellendus placeat voluptatem in temporibus dolorem eveniet est. Sit ipsam quis omnis repellendus voluptatem.', '273-396-6094', 'http://cornelius.com', 'Anonymous', '2023-10-27 20:53:16.011235', 'Anonymous', '2023-10-27 20:53:16.011236', 5, 'New range of formal shirts are designed keeping you in mind. With fits and styling that will make you stand apart', 0, 0),
(130, 'Rustic Steel Bacon Nhà nghỉ', 'Ipsa veritatis autem ipsa. Placeat veritatis corporis quae. Sit neque voluptas libero.', '457-212-3729', 'http://humberto.com', 'Anonymous', '2023-10-27 20:53:16.011237', 'Anonymous', '2023-10-27 20:53:16.011237', 6, 'New ABC 13 9370, 13.3, 5th Gen CoreA5-8250U, 8GB RAM, 256GB SSD, power UHD Graphics, OS 10 Home, OS Office A & J 2016', 0, 0),
(131, 'Generic Wooden Pizza Nhà riêng', 'Consectetur totam eveniet adipisci sed labore qui. Quod ab qui architecto cum. Voluptatem repellendus veniam minus suscipit. Voluptas harum ad. Eum possimus aut omnis optio est quae ea.', '508-800-1321', 'https://santos.net', 'Anonymous', '2023-10-27 20:53:16.011239', 'Anonymous', '2023-10-27 20:53:16.011239', 2, 'The beautiful range of Apple Naturalé that has an exciting mix of natural ingredients. With the Goodness of 100% Natural Ingredients', 0, 0),
(132, 'Sleek Frozen Mouse Resort', 'Distinctio voluptas omnis nulla. Ut aut voluptate exercitationem est et consectetur. Facere vel suscipit dolor sed. Aliquid reiciendis rem.', '360-660-9505', 'http://lesley.com', 'Anonymous', '2023-10-27 20:53:16.011241', 'Anonymous', '2023-10-27 20:53:16.011241', 5, 'Boston\'s most advanced compression wear technology increases muscle oxygenation, stabilizes active muscles', 0, 0),
(133, 'Fantastic Frozen Cheese Nhà nghỉ', 'Error aut quibusdam repudiandae. Dolores atque ut laudantium consequatur. Nisi iusto expedita ut perspiciatis eos rerum. Voluptas dolores modi suscipit dicta placeat cupiditate dolorem officiis aut.', '960-752-3165', 'http://kiel.net', 'Anonymous', '2023-10-27 20:53:16.011243', 'Anonymous', '2023-10-27 20:53:16.011243', 6, 'New range of formal shirts are designed keeping you in mind. With fits and styling that will make you stand apart', 0, 0),
(134, 'Small Steel Chair Resort', 'Nostrum omnis laudantium. Nesciunt vel nostrum maxime et officiis nulla nihil. Tempore ea sapiente modi. Saepe ipsa ducimus fuga repellendus repudiandae ab.', '245-301-0249', 'https://dario.biz', 'Anonymous', '2023-10-27 20:53:16.011245', 'Anonymous', '2023-10-27 20:53:16.011245', 5, 'The slim & simple Maple Gaming Keyboard from Dev Byte comes with a sleek body and 7- Color RGB LED Back-lighting for smart functionality', 0, 0),
(135, 'Fantastic Metal Keyboard Resort', 'Maxime aspernatur et eius. Consequatur adipisci quis quasi aliquam laborum a modi quos. Quas error dolor nemo ex omnis deserunt nam ratione. Expedita optio consequatur aut deserunt aut qui ullam fugit sit.', '503-986-8109', 'http://megane.name', 'Anonymous', '2023-10-27 20:53:16.011246', 'Anonymous', '2023-10-27 20:53:16.011246', 5, 'The Apollotech B340 is an affordable wireless mouse with reliable connectivity, 12 months battery life and modern design', 0, 0),
(136, 'Licensed Rubber Tuna Resort', 'Officiis est vero eaque quaerat sed totam voluptatem. Itaque molestias autem maxime eveniet. Et quo inventore tempore corrupti. Repudiandae est labore nulla qui facilis. Nesciunt voluptas expedita. Tempora culpa et ipsum.', '877-713-5255', 'http://filomena.biz', 'Anonymous', '2023-10-27 20:53:16.011248', 'Anonymous', '2023-10-27 20:53:16.011248', 5, 'Andy shoes are designed to keeping in mind durability as well as trends, the most stylish range of shoes & sandals', 0, 0),
(137, 'Handmade Steel Salad Nhà nghỉ', 'Asperiores quaerat facilis exercitationem illo nihil. Est alias corrupti. Molestiae eos tempore aut rerum. Non aut dolores excepturi temporibus veritatis esse deserunt assumenda ex.', '447-642-7039', 'https://armani.org', 'Anonymous', '2023-10-27 20:53:16.011250', 'Anonymous', '2023-10-27 20:53:16.011250', 6, 'Boston\'s most advanced compression wear technology increases muscle oxygenation, stabilizes active muscles', 0, 0),
(138, 'Handmade Steel Shirt Homestay', 'Et veniam dolor impedit voluptates esse. Rerum illo dolores porro voluptas. Voluptatem in aspernatur nulla modi iste quasi voluptas. Temporibus quam necessitatibus nam explicabo dolorem laudantium praesentium omnis quis. Qui autem nam dignissimos accusamus quos. Neque excepturi provident odio velit vero voluptas voluptas quia.', '844-717-4070', 'http://serenity.info', 'Anonymous', '2023-10-27 20:53:16.011252', 'Anonymous', '2023-10-27 20:53:16.011252', 1, 'Carbonite web goalkeeper gloves are ergonomically designed to give easy fit', 0, 0),
(139, 'Ergonomic Frozen Shirt Homestay', 'Veritatis magnam provident ut explicabo officia ducimus veritatis. Praesentium ea unde eum veritatis aut non cumque. Rerum reprehenderit maxime. Autem est voluptatem itaque animi omnis ducimus.', '387-357-3988', 'https://kay.org', 'Anonymous', '2023-10-27 20:53:16.011254', 'Anonymous', '2023-10-27 20:53:16.011254', 1, 'New ABC 13 9370, 13.3, 5th Gen CoreA5-8250U, 8GB RAM, 256GB SSD, power UHD Graphics, OS 10 Home, OS Office A & J 2016', 0, 0),
(140, 'Licensed Granite Salad Khách sạn', 'Qui fugiat tenetur doloribus adipisci doloremque ut id. Omnis qui eaque et optio rerum. Praesentium et sequi iusto voluptatem qui deserunt. Quos harum molestiae assumenda corrupti dolores et sit rerum non. Cum nobis sit.', '926-741-2151', 'http://wilfredo.name', 'Anonymous', '2023-10-27 20:53:16.011255', 'Anonymous', '2023-10-27 20:53:16.011255', 4, 'The beautiful range of Apple Naturalé that has an exciting mix of natural ingredients. With the Goodness of 100% Natural Ingredients', 0, 0),
(141, 'Awesome Plastic Shoes Căn hộ', 'Sit libero quas consectetur illum possimus eligendi ipsa vitae omnis. Deserunt aperiam tempore pariatur sunt esse rerum sapiente omnis esse. Nesciunt omnis totam quia beatae. Rem laborum soluta repellat temporibus facilis quia soluta illum. Voluptas quae voluptatibus corporis qui ut.', '664-511-5715', 'http://mafalda.com', 'Anonymous', '2023-10-27 20:53:16.011257', 'Anonymous', '2023-10-27 20:53:16.011257', 3, 'New ABC 13 9370, 13.3, 5th Gen CoreA5-8250U, 8GB RAM, 256GB SSD, power UHD Graphics, OS 10 Home, OS Office A & J 2016', 0, 0),
(142, 'Handmade Wooden Chips Homestay', 'Beatae aut sed iure cum ut iste. Ad tempore vero velit. Est ipsa molestiae libero itaque numquam est ut iusto autem. Tempore et nam.', '579-643-5344', 'https://shemar.name', 'Anonymous', '2023-10-27 20:53:16.011259', 'Anonymous', '2023-10-27 20:53:16.011260', 1, 'Boston\'s most advanced compression wear technology increases muscle oxygenation, stabilizes active muscles', 0, 0),
(143, 'Gorgeous Metal Fish Căn hộ', 'Fuga velit sunt est qui et aut. Et adipisci ipsam quos mollitia quia aliquid aliquam. Dolor cumque minus reprehenderit. Facere similique aut pariatur voluptatum qui. Mollitia laborum commodi adipisci quia vel aut cumque porro consequatur.', '669-326-9711', 'https://leola.net', 'Anonymous', '2023-10-27 20:53:16.011261', 'Anonymous', '2023-10-27 20:53:16.011261', 3, 'The Football Is Good For Training And Recreational Purposes', 0, 0),
(144, 'Practical Steel Fish Resort', 'Et et placeat sint. Velit aut rerum nemo sint tempora ad hic aliquam. Voluptate eos ipsa incidunt. Eveniet voluptatem quia enim illum voluptas. Enim est consequatur nesciunt adipisci animi. Optio placeat vero.', '586-389-3567', 'http://marcella.org', 'Anonymous', '2023-10-27 20:53:16.011262', 'Anonymous', '2023-10-27 20:53:16.011262', 5, 'The Football Is Good For Training And Recreational Purposes', 0, 0),
(145, 'Handcrafted Metal Table Nhà nghỉ', 'Neque ut enim quos sunt quo quis autem et iure. Possimus esse et enim. Nesciunt vero quis dolor vitae dicta et excepturi. Reiciendis blanditiis dicta dolorum ipsam atque non. Veniam vel sunt qui a.', '543-935-5135', 'http://ronaldo.net', 'Anonymous', '2023-10-27 20:53:16.011263', 'Anonymous', '2023-10-27 20:53:16.011264', 6, 'Andy shoes are designed to keeping in mind durability as well as trends, the most stylish range of shoes & sandals', 0, 0),
(146, 'Incredible Plastic Table Homestay', 'Nisi qui assumenda id commodi commodi libero quibusdam. Sequi est et et modi magnam. Totam impedit dignissimos. Accusantium quis sed tempora.', '259-788-6525', 'https://ivah.net', 'Anonymous', '2023-10-27 20:53:16.011265', 'Anonymous', '2023-10-27 20:53:16.011265', 1, 'The automobile layout consists of a front-engine design, with transaxle-type transmissions mounted at the rear of the engine and four wheel drive', 0, 0),
(147, 'Sleek Plastic Ball Nhà riêng', 'Exercitationem debitis saepe eos temporibus dolorum reprehenderit. Qui culpa minus similique. Voluptatem hic accusantium et quis cupiditate ducimus blanditiis.', '756-882-1370', 'http://maynard.info', 'Anonymous', '2023-10-27 20:53:16.011267', 'Anonymous', '2023-10-27 20:53:16.011267', 2, 'Boston\'s most advanced compression wear technology increases muscle oxygenation, stabilizes active muscles', 0, 0),
(148, 'Tasty Plastic Bacon Homestay', 'Aut dolores aspernatur laudantium autem magnam aut et voluptatem minima. Sed omnis velit at quis eos natus similique. Voluptas sed omnis et.', '281-557-6015', 'http://heidi.org', 'Anonymous', '2023-10-27 20:53:16.011269', 'Anonymous', '2023-10-27 20:53:16.011269', 1, 'Andy shoes are designed to keeping in mind durability as well as trends, the most stylish range of shoes & sandals', 0, 0),
(149, 'Handcrafted Concrete Tuna Nhà nghỉ', 'Aliquid sunt repellendus facere. Id non iusto. Numquam aut maxime velit repellat. Aut tempora eius iusto maxime vero porro ea qui.', '951-543-7164', 'https://matilde.info', 'Anonymous', '2023-10-27 20:53:16.011270', 'Anonymous', '2023-10-27 20:53:16.011270', 6, 'New ABC 13 9370, 13.3, 5th Gen CoreA5-8250U, 8GB RAM, 256GB SSD, power UHD Graphics, OS 10 Home, OS Office A & J 2016', 0, 0),
(150, 'Generic Frozen Ball Nhà riêng', 'Illum et dicta et ut unde odio. Veniam a qui et rerum eius mollitia non non voluptas. Voluptatibus vero iure impedit ducimus similique consequatur laboriosam. Dolorum sit est illum porro ducimus nihil omnis ullam. At ut earum sit aut et dignissimos velit quo. Qui fugiat quo accusantium voluptas neque qui odit quidem.', '890-528-6050', 'http://murray.biz', 'Anonymous', '2023-10-27 20:53:16.011271', 'Anonymous', '2023-10-27 20:53:16.011271', 2, 'New range of formal shirts are designed keeping you in mind. With fits and styling that will make you stand apart', 0, 0),
(151, 'Awesome Soft Mouse Nhà nghỉ', 'Atque quod et quidem. Nostrum quo rerum laborum sint porro. Autem totam enim quasi reprehenderit qui pariatur consequatur maiores. Voluptas quod veritatis. Et quos blanditiis sint quae eum incidunt quia. Quos et officia cupiditate architecto quam ex esse.', '760-878-7245', 'http://gustave.name', 'Anonymous', '2023-10-27 20:53:16.011273', 'Anonymous', '2023-10-27 20:53:16.011273', 6, 'The beautiful range of Apple Naturalé that has an exciting mix of natural ingredients. With the Goodness of 100% Natural Ingredients', 0, 0),
(152, 'Awesome Cotton Bike Nhà riêng', 'Omnis soluta porro ut doloribus ut. Nulla aliquam animi sapiente qui rerum sint aut suscipit doloremque. Voluptates sit voluptatem. Quia aut eaque distinctio id vel consequatur dolorem. Officia explicabo iste dolorem.', '572-594-8443', 'https://leo.net', 'Anonymous', '2023-10-27 20:53:16.011275', 'Anonymous', '2023-10-27 20:53:16.011275', 2, 'The Nagasaki Lander is the trademarked name of several series of Nagasaki sport bikes, that started with the 1984 ABC800J', 0, 0),
(153, 'Small Soft Sausages Nhà nghỉ', 'Dolores nihil qui. Rerum nemo odio quibusdam mollitia tempore rerum. Dolorem similique esse earum.', '819-893-4033', 'https://pedro.com', 'Anonymous', '2023-10-27 20:53:16.011277', 'Anonymous', '2023-10-27 20:53:16.011277', 6, 'Carbonite web goalkeeper gloves are ergonomically designed to give easy fit', 0, 0),
(154, 'Awesome Granite Chair Căn hộ', 'Odio laborum amet repellendus in ut. Nobis tempore est nemo perspiciatis eaque optio qui aut qui. Laboriosam occaecati aliquam eos reiciendis nostrum. Officiis pariatur magnam ut. Voluptatum fugiat laborum non consequatur eum hic unde laudantium.', '946-441-4176', 'http://alice.name', 'Anonymous', '2023-10-27 20:53:16.011278', 'Anonymous', '2023-10-27 20:53:16.011278', 3, 'New ABC 13 9370, 13.3, 5th Gen CoreA5-8250U, 8GB RAM, 256GB SSD, power UHD Graphics, OS 10 Home, OS Office A & J 2016', 0, 0),
(155, 'Small Wooden Bike Căn hộ', 'Beatae quas non voluptates architecto sed magni dolore. Quia ipsum ratione eligendi ut aut minus quis. Deserunt doloribus culpa minima ea maxime dolores fugiat nihil expedita. Hic sit nesciunt ducimus et est fugit porro. Culpa soluta voluptatem. Aut accusamus magnam voluptas delectus et nisi.', '982-968-8915', 'http://malika.info', 'Anonymous', '2023-10-27 20:53:16.011282', 'Anonymous', '2023-10-27 20:53:16.011283', 3, 'The Nagasaki Lander is the trademarked name of several series of Nagasaki sport bikes, that started with the 1984 ABC800J', 0, 0),
(156, 'Awesome Granite Fish Khách sạn', 'Nam rem impedit iste rerum magnam earum. Sed placeat dolores amet quae. Minus et optio. Quo voluptas et nesciunt quia. Sunt qui eum inventore quasi expedita quia id distinctio.', '455-889-0925', 'http://hadley.com', 'Anonymous', '2023-10-27 20:53:16.011284', 'Anonymous', '2023-10-27 20:53:16.011284', 4, 'Carbonite web goalkeeper gloves are ergonomically designed to give easy fit', 0, 0),
(157, 'Fantastic Cotton Chair Nhà riêng', 'Eum ad odit mollitia et dolorem aut molestias. Ex eos sunt quasi ex doloremque quo cumque. Facilis et est quia quo nam incidunt. Voluptate voluptas qui incidunt ea aut eius.', '806-635-3217', 'http://jarod.com', 'Anonymous', '2023-10-27 20:53:16.011286', 'Anonymous', '2023-10-27 20:53:16.011286', 2, 'The Nagasaki Lander is the trademarked name of several series of Nagasaki sport bikes, that started with the 1984 ABC800J', 0, 0),
(158, 'Licensed Fresh Pizza Căn hộ', 'At ut autem quas illum non repellat voluptatem consequuntur. Ullam laboriosam aut maxime molestiae molestias. Dignissimos ipsum officiis libero ut qui neque voluptatem. Ea recusandae eos. Odio odio voluptas commodi. Ea amet dolorem corrupti et illo autem libero sed iusto.', '584-552-4226', 'https://german.name', 'Anonymous', '2023-10-27 20:53:16.011287', 'Anonymous', '2023-10-27 20:53:16.011287', 3, 'Andy shoes are designed to keeping in mind durability as well as trends, the most stylish range of shoes & sandals', 0, 0),
(159, 'Awesome Wooden Chair Nhà nghỉ', 'Et harum ut qui eos vero. Asperiores quo sunt facilis aliquam explicabo tempora aut. Est et qui consectetur.', '867-458-8637', 'http://daniela.info', 'Anonymous', '2023-10-27 20:53:16.011288', 'Anonymous', '2023-10-27 20:53:16.011289', 6, 'Boston\'s most advanced compression wear technology increases muscle oxygenation, stabilizes active muscles', 0, 0),
(160, 'Fantastic Plastic Salad Khách sạn', 'Voluptas labore molestiae minima ut aperiam. Quia quo ut qui numquam enim nobis aliquid debitis atque. Sit neque reprehenderit tempore ratione est nihil et ut error. Fugiat voluptas cupiditate voluptas. Debitis rerum vitae quo culpa. Fugiat mollitia mollitia soluta expedita quasi vel.', '246-594-4183', 'https://ronny.name', 'Anonymous', '2023-10-27 20:53:16.011290', 'Anonymous', '2023-10-27 20:53:16.011290', 4, 'New range of formal shirts are designed keeping you in mind. With fits and styling that will make you stand apart', 0, 0),
(161, 'Fantastic Steel Shoes Nhà nghỉ', 'Porro maiores delectus repellat qui consequatur. At beatae natus autem voluptas. Qui ad voluptate dolor iure vero eum. Eum ipsam numquam esse voluptatem quasi deleniti beatae dolores. A et debitis quis laborum voluptas nesciunt expedita et.', '705-302-9356', 'https://cristopher.info', 'Anonymous', '2023-10-27 20:53:16.011292', 'Anonymous', '2023-10-27 20:53:16.011292', 6, 'Boston\'s most advanced compression wear technology increases muscle oxygenation, stabilizes active muscles', 0, 0),
(162, 'Ergonomic Soft Tuna Homestay', 'Quia tenetur porro non optio voluptas itaque. Vero optio velit nisi cupiditate quaerat voluptatem aut. Velit iusto ut illo dolor vitae autem iusto aspernatur et. Enim rerum odit adipisci repellendus.', '526-577-8417', 'http://antoinette.com', 'Anonymous', '2023-10-27 20:53:16.011294', 'Anonymous', '2023-10-27 20:53:16.011294', 1, 'Carbonite web goalkeeper gloves are ergonomically designed to give easy fit', 0, 0),
(163, 'Handmade Soft Chair Căn hộ', 'Dolorem sunt rerum sint amet aut delectus aut. Ab dolorum explicabo amet sint est quidem aliquam. Beatae nihil omnis ut maiores aut enim quia quaerat voluptatem. Et consequatur quam incidunt quaerat. Vel voluptate possimus reiciendis.', '560-787-2414', 'http://gillian.info', 'Anonymous', '2023-10-27 20:53:16.011295', 'Anonymous', '2023-10-27 20:53:16.011295', 3, 'The automobile layout consists of a front-engine design, with transaxle-type transmissions mounted at the rear of the engine and four wheel drive', 0, 0),
(164, 'Practical Plastic Keyboard Resort', 'Quae facere recusandae non tempore autem in consequatur eos. Itaque minima nostrum et suscipit. Ab officiis atque fuga modi totam sit repellendus dolorum accusantium.', '584-287-6539', 'https://isaiah.org', 'Anonymous', '2023-10-27 20:53:16.011296', 'Anonymous', '2023-10-27 20:53:16.011296', 5, 'Boston\'s most advanced compression wear technology increases muscle oxygenation, stabilizes active muscles', 0, 0),
(165, 'Refined Cotton Soap Homestay', 'Sequi consectetur esse ad aut molestiae exercitationem omnis ea inventore. Nobis sunt et dolorum soluta. Repellat illum quo ratione odio. Incidunt qui excepturi dolore.', '474-783-1991', 'https://chaz.info', 'Anonymous', '2023-10-27 20:53:16.011298', 'Anonymous', '2023-10-27 20:53:16.011298', 1, 'The Football Is Good For Training And Recreational Purposes', 0, 0),
(166, 'Rustic Rubber Bike Resort', 'Id laborum rerum laborum consectetur quia dolor. Vitae nihil animi molestias. Odit dignissimos esse eveniet dolores molestias vitae et. Aspernatur cum impedit rerum et recusandae illo voluptatem quibusdam recusandae.', '973-992-5547', 'https://yvonne.info', 'Anonymous', '2023-10-27 20:53:16.011299', 'Anonymous', '2023-10-27 20:53:16.011299', 5, 'The Nagasaki Lander is the trademarked name of several series of Nagasaki sport bikes, that started with the 1984 ABC800J', 0, 0),
(167, 'Handmade Granite Pizza Căn hộ', 'Architecto aut consequatur ex consequatur cum. Quia laborum sed quis architecto repellendus atque. Perferendis asperiores quaerat doloremque minima iusto quidem sint est enim.', '794-292-3377', 'http://alfred.com', 'Anonymous', '2023-10-27 20:53:16.011300', 'Anonymous', '2023-10-27 20:53:16.011300', 3, 'The automobile layout consists of a front-engine design, with transaxle-type transmissions mounted at the rear of the engine and four wheel drive', 0, 0),
(168, 'Refined Granite Table Khách sạn', 'Modi ea voluptatem dolorem alias qui iste ut quam aliquid. Nemo et et quis corrupti sed sapiente. Facere ut commodi quae laboriosam et quasi.', '648-985-7711', 'http://destany.net', 'Anonymous', '2023-10-27 20:53:16.011301', 'Anonymous', '2023-10-27 20:53:16.011301', 4, 'The automobile layout consists of a front-engine design, with transaxle-type transmissions mounted at the rear of the engine and four wheel drive', 0, 0),
(169, 'Handmade Steel Pants Khách sạn', 'Id velit voluptatem aut dolorem sint non delectus aliquam. Sed doloribus repellat ut aut. Rem maxime nihil blanditiis et repellendus nihil a. Sint et corrupti consectetur est veniam fugiat. Labore aspernatur et dolores architecto distinctio quo illo ab.', '836-372-3262', 'http://yolanda.com', 'Anonymous', '2023-10-27 20:53:16.011302', 'Anonymous', '2023-10-27 20:53:16.011302', 4, 'The beautiful range of Apple Naturalé that has an exciting mix of natural ingredients. With the Goodness of 100% Natural Ingredients', 0, 0),
(170, 'Practical Granite Hat Resort', 'Impedit officiis quisquam. Quam est recusandae fugiat sunt et. Voluptate voluptatem sint laboriosam in ut ipsum quis possimus corrupti.', '439-675-2026', 'http://mona.name', 'Anonymous', '2023-10-27 20:53:16.011303', 'Anonymous', '2023-10-27 20:53:16.011303', 5, 'New ABC 13 9370, 13.3, 5th Gen CoreA5-8250U, 8GB RAM, 256GB SSD, power UHD Graphics, OS 10 Home, OS Office A & J 2016', 0, 0),
(171, 'Practical Soft Shoes Homestay', 'Explicabo esse incidunt consequatur. Corporis omnis quis dicta autem voluptatem quos. Dolore id cupiditate necessitatibus enim enim. Quos corporis aut qui eum quisquam. Eligendi odio cum aut inventore sit. Aliquam iusto est dolor vero qui velit nemo a.', '254-437-3972', 'http://maxine.info', 'Anonymous', '2023-10-27 20:53:16.011303', 'Anonymous', '2023-10-27 20:53:16.011303', 1, 'The slim & simple Maple Gaming Keyboard from Dev Byte comes with a sleek body and 7- Color RGB LED Back-lighting for smart functionality', 0, 0),
(172, 'Unbranded Granite Towels Resort', 'Iste ipsa velit suscipit ducimus. Architecto id id quidem officiis. Assumenda enim magni.', '456-321-9496', 'http://hipolito.biz', 'Anonymous', '2023-10-27 20:53:16.011304', 'Anonymous', '2023-10-27 20:53:16.011304', 5, 'New range of formal shirts are designed keeping you in mind. With fits and styling that will make you stand apart', 0, 0),
(173, 'Gorgeous Frozen Bacon Homestay', 'Qui consequatur qui impedit. Voluptatem earum est. Corporis mollitia temporibus eius occaecati architecto.', '807-821-8940', 'http://antoinette.info', 'Anonymous', '2023-10-27 20:53:16.011305', 'Anonymous', '2023-10-27 20:53:16.011305', 1, 'The slim & simple Maple Gaming Keyboard from Dev Byte comes with a sleek body and 7- Color RGB LED Back-lighting for smart functionality', 0, 0),
(174, 'Unbranded Concrete Hat Căn hộ', 'Hic consequatur distinctio animi omnis vel nesciunt rerum quia repudiandae. Commodi est alias et iure quibusdam facilis. Qui facilis et unde eius sed laboriosam tenetur ab amet. Asperiores illo quaerat ipsum quia dolor iste quisquam.', '894-817-0315', 'http://abagail.net', 'Anonymous', '2023-10-27 20:53:16.011306', 'Anonymous', '2023-10-27 20:53:16.011306', 3, 'Andy shoes are designed to keeping in mind durability as well as trends, the most stylish range of shoes & sandals', 0, 0),
(175, 'Practical Rubber Sausages Khách sạn', 'Ullam omnis sed fugit qui aliquid optio autem aut et. Ipsam porro aut explicabo. Est cum nostrum rem expedita ut autem ratione corporis est.', '765-510-4452', 'http://esther.info', 'Anonymous', '2023-10-27 20:53:16.011307', 'Anonymous', '2023-10-27 20:53:16.011307', 4, 'The slim & simple Maple Gaming Keyboard from Dev Byte comes with a sleek body and 7- Color RGB LED Back-lighting for smart functionality', 0, 0),
(176, 'Sleek Metal Keyboard Nhà nghỉ', 'Totam ducimus omnis qui facilis eveniet. Nihil ab animi quo aliquam ut velit consequuntur qui. Dolores et a illum libero. Ea placeat harum. Ut ea totam nemo.', '329-493-2952', 'https://polly.biz', 'Anonymous', '2023-10-27 20:53:16.011308', 'Anonymous', '2023-10-27 20:53:16.011308', 6, 'Ergonomic executive chair upholstered in bonded black leather and PVC padded seat and back for all-day comfort and support', 0, 0),
(177, 'Small Granite Sausages Nhà riêng', 'Corrupti dignissimos fugiat. Reiciendis nihil dignissimos provident deleniti assumenda accusantium nihil quia. Qui totam voluptates possimus eius cum officia. Est corporis aut blanditiis non. Ut ut enim et dignissimos occaecati doloremque optio reiciendis.', '244-892-7441', 'http://owen.biz', 'Anonymous', '2023-10-27 20:53:16.011308', 'Anonymous', '2023-10-27 20:53:16.011308', 2, 'Carbonite web goalkeeper gloves are ergonomically designed to give easy fit', 0, 0),
(178, 'Practical Granite Soap Resort', 'Debitis voluptate odit quia ad vel in. Error blanditiis sit temporibus. Voluptatem sint aut. Ut est ipsa nihil dolores. Quam blanditiis voluptatem. Repellendus sit nam sint animi distinctio a id.', '672-666-7762', 'http://eleanora.org', 'Anonymous', '2023-10-27 20:53:16.011309', 'Anonymous', '2023-10-27 20:53:16.011309', 5, 'Ergonomic executive chair upholstered in bonded black leather and PVC padded seat and back for all-day comfort and support', 0, 0),
(179, 'Refined Granite Gloves Homestay', 'Praesentium quia rerum aut sit qui ut. Qui natus non aut sed aspernatur et. Magnam voluptatem aut provident eaque perferendis quis impedit ut. In possimus eos nihil quibusdam iste qui itaque qui. Aut earum repellendus et eaque. Consequatur magni atque quidem expedita sint et iure laborum.', '231-778-4524', 'http://kieran.com', 'Anonymous', '2023-10-27 20:53:16.011311', 'Anonymous', '2023-10-27 20:53:16.011311', 1, 'The Nagasaki Lander is the trademarked name of several series of Nagasaki sport bikes, that started with the 1984 ABC800J', 0, 0),
(180, 'Gorgeous Plastic Computer Resort', 'Reiciendis consectetur sapiente blanditiis illo aut voluptas dolor. Non unde dolorem sit est ipsam libero. Voluptatem laborum alias aspernatur illum deserunt. Doloribus explicabo quo quas aut ducimus.', '388-219-5330', 'http://rosalind.biz', 'Anonymous', '2023-10-27 20:53:16.011312', 'Anonymous', '2023-10-27 20:53:16.011312', 5, 'The Football Is Good For Training And Recreational Purposes', 0, 0),
(181, 'Rustic Granite Shoes Homestay', 'Ea aut ad. Et odio ullam doloremque incidunt enim et odit rerum excepturi. Sint vero quidem officia molestiae ut vel iure facere.', '444-886-0735', 'https://ryan.biz', 'Anonymous', '2023-10-27 20:53:16.011313', 'Anonymous', '2023-10-27 20:53:16.011313', 1, 'The Football Is Good For Training And Recreational Purposes', 0, 0),
(182, 'Rustic Soft Keyboard Resort', 'A qui aut aut. Ex ut non ipsam blanditiis. Quisquam voluptas fugit et unde rerum qui quo ea.', '529-632-1313', 'https://kevin.net', 'Anonymous', '2023-10-27 20:53:16.011314', 'Anonymous', '2023-10-27 20:53:16.011314', 5, 'New ABC 13 9370, 13.3, 5th Gen CoreA5-8250U, 8GB RAM, 256GB SSD, power UHD Graphics, OS 10 Home, OS Office A & J 2016', 0, 0),
(183, 'Awesome Granite Shirt Nhà nghỉ', 'Doloremque qui dicta. Facere qui in perspiciatis non sunt et. Fuga est et reiciendis optio et ut sed nulla. Natus enim deserunt. Fugit necessitatibus velit assumenda optio provident consequatur.', '801-470-5929', 'https://dora.org', 'Anonymous', '2023-10-27 20:53:16.011314', 'Anonymous', '2023-10-27 20:53:16.011314', 6, 'The Nagasaki Lander is the trademarked name of several series of Nagasaki sport bikes, that started with the 1984 ABC800J', 0, 0),
(184, 'Sleek Cotton Gloves Resort', 'Maiores dolorem explicabo omnis sint et qui. Sunt asperiores commodi a. Possimus rerum molestiae qui. Deleniti veniam at. Quod rerum quam ullam consectetur eveniet.', '472-257-9613', 'https://nils.biz', 'Anonymous', '2023-10-27 20:53:16.011316', 'Anonymous', '2023-10-27 20:53:16.011316', 5, 'Boston\'s most advanced compression wear technology increases muscle oxygenation, stabilizes active muscles', 0, 0),
(185, 'Licensed Metal Table Khách sạn', 'Quidem rerum neque ut saepe ipsam quis. Est quia at officia et doloribus commodi corrupti quam. Vel id qui est. Vitae reprehenderit esse maxime aut distinctio laboriosam. Ipsa necessitatibus repellendus et quasi repellat reprehenderit. Excepturi nostrum officiis qui aliquam magnam.', '604-280-5097', 'https://lelah.net', 'Anonymous', '2023-10-27 20:53:16.011317', 'Anonymous', '2023-10-27 20:53:16.011317', 4, 'New range of formal shirts are designed keeping you in mind. With fits and styling that will make you stand apart', 0, 0),
(186, 'Practical Cotton Shoes Nhà riêng', 'Itaque doloribus rem dignissimos vel molestiae. Ipsam adipisci est sint omnis distinctio et cumque et cumque. Repellendus rerum voluptatem voluptatem aut ut esse. Accusamus nisi voluptate.', '708-976-8080', 'http://alison.org', 'Anonymous', '2023-10-27 20:53:16.011318', 'Anonymous', '2023-10-27 20:53:16.011318', 2, 'The automobile layout consists of a front-engine design, with transaxle-type transmissions mounted at the rear of the engine and four wheel drive', 0, 0),
(187, 'Handcrafted Steel Towels Căn hộ', 'Molestiae illum quaerat occaecati. Quo earum qui qui quod. Ex velit dolor qui nisi ut ipsam ut voluptatem. Molestias suscipit facilis sunt.', '679-922-5397', 'http://alyce.biz', 'Anonymous', '2023-10-27 20:53:16.011318', 'Anonymous', '2023-10-27 20:53:16.011318', 3, 'New ABC 13 9370, 13.3, 5th Gen CoreA5-8250U, 8GB RAM, 256GB SSD, power UHD Graphics, OS 10 Home, OS Office A & J 2016', 0, 0),
(188, 'Incredible Granite Bike Nhà riêng', 'Dolor unde dolorem rem. Ut fugit ducimus in. Cum voluptas et adipisci sed vel.', '689-811-4248', 'http://kristian.org', 'Anonymous', '2023-10-27 20:53:16.011319', 'Anonymous', '2023-10-27 20:53:16.011319', 2, 'The Football Is Good For Training And Recreational Purposes', 0, 0),
(189, 'Intelligent Cotton Hat Nhà riêng', 'Qui quis cum vitae. Ea voluptatem id. Fugiat sed adipisci vel rerum cupiditate explicabo.', '883-900-6994', 'http://rudy.biz', 'Anonymous', '2023-10-27 20:53:16.011320', 'Anonymous', '2023-10-27 20:53:16.011320', 2, 'Carbonite web goalkeeper gloves are ergonomically designed to give easy fit', 0, 0),
(190, 'Rustic Fresh Shoes Khách sạn', 'Praesentium totam modi et molestias reprehenderit quasi eaque. Qui officiis rerum aspernatur corrupti dolores architecto. Quod officiis quia corporis. Rerum molestiae enim voluptatem rerum animi.', '421-480-3195', 'https://geo.net', 'Anonymous', '2023-10-27 20:53:16.011321', 'Anonymous', '2023-10-27 20:53:16.011321', 4, 'New range of formal shirts are designed keeping you in mind. With fits and styling that will make you stand apart', 0, 0),
(191, 'Rustic Steel Table Nhà nghỉ', 'Fugit voluptas esse animi dolorum sunt impedit repudiandae numquam hic. Totam omnis dolor labore ducimus quae inventore dolores. Ipsam dolores commodi voluptates voluptas qui molestiae voluptatibus.', '804-441-6225', 'http://liza.biz', 'Anonymous', '2023-10-27 20:53:16.011322', 'Anonymous', '2023-10-27 20:53:16.011322', 6, 'New ABC 13 9370, 13.3, 5th Gen CoreA5-8250U, 8GB RAM, 256GB SSD, power UHD Graphics, OS 10 Home, OS Office A & J 2016', 0, 0),
(192, 'Handcrafted Granite Chicken Homestay', 'In voluptates enim sit voluptates. Natus dolorem nihil. Minima fuga voluptas autem sed reprehenderit porro. Sed ut illum aliquid optio pariatur rerum consequatur sapiente sit. Molestiae pariatur nihil laudantium quasi.', '579-874-8182', 'https://brandyn.net', 'Anonymous', '2023-10-27 20:53:16.011323', 'Anonymous', '2023-10-27 20:53:16.011323', 1, 'Andy shoes are designed to keeping in mind durability as well as trends, the most stylish range of shoes & sandals', 0, 0),
(193, 'Awesome Metal Towels Homestay', 'Corrupti nihil nobis unde omnis. Voluptates ut magnam blanditiis animi hic. Odit totam et et animi velit corrupti et.', '454-260-7265', 'https://clay.org', 'Anonymous', '2023-10-27 20:53:16.011324', 'Anonymous', '2023-10-27 20:53:16.011324', 1, 'The automobile layout consists of a front-engine design, with transaxle-type transmissions mounted at the rear of the engine and four wheel drive', 0, 0),
(194, 'Gorgeous Rubber Keyboard Căn hộ', 'Consequuntur iste adipisci consequuntur error error et dolorum molestiae voluptatem. Repudiandae vitae quam unde doloribus quia fugit a nobis. Vero id quidem maiores dignissimos qui. Ea voluptas sunt placeat atque similique tenetur nam. Optio quia fuga delectus maiores molestias. Dignissimos est possimus nisi aliquam in.', '511-476-9497', 'https://jordon.name', 'Anonymous', '2023-10-27 20:53:16.011325', 'Anonymous', '2023-10-27 20:53:16.011326', 3, 'New range of formal shirts are designed keeping you in mind. With fits and styling that will make you stand apart', 0, 0),
(195, 'Unbranded Rubber Chicken Homestay', 'Aut est molestiae laudantium repellendus maxime expedita possimus sint quisquam. Eius accusamus dolores. Rerum qui molestias iure et delectus eum numquam eum.', '283-292-1871', 'http://monique.net', 'Anonymous', '2023-10-27 20:53:16.011326', 'Anonymous', '2023-10-27 20:53:16.011327', 1, 'Ergonomic executive chair upholstered in bonded black leather and PVC padded seat and back for all-day comfort and support', 0, 0),
(196, 'Gorgeous Rubber Chicken Nhà riêng', 'Eligendi aut porro sit maxime alias amet eum. Voluptas non vel iusto fugiat est facere nemo ipsam ut. Eligendi iste consequatur sit in aut mollitia.', '260-693-0740', 'http://marta.com', 'Anonymous', '2023-10-27 20:53:16.011327', 'Anonymous', '2023-10-27 20:53:16.011327', 2, 'Boston\'s most advanced compression wear technology increases muscle oxygenation, stabilizes active muscles', 0, 0),
(197, 'Rustic Fresh Keyboard Resort', 'Dolorem et similique reprehenderit dignissimos voluptatem nulla quod sit est. Et ipsa facilis deserunt dolorem temporibus eius aut distinctio aut. Dolore omnis corporis. Nihil asperiores sint earum explicabo ut velit.', '916-537-4998', 'https://jacquelyn.net', 'Anonymous', '2023-10-27 20:53:16.011328', 'Anonymous', '2023-10-27 20:53:16.011328', 5, 'The slim & simple Maple Gaming Keyboard from Dev Byte comes with a sleek body and 7- Color RGB LED Back-lighting for smart functionality', 0, 0),
(198, 'Intelligent Metal Salad Homestay', 'Recusandae nihil nulla possimus ipsam aperiam expedita. Non et debitis nemo. Fugit quia et sit repudiandae. Et at aperiam veniam hic sed minima ipsam. Quia et provident voluptas aut ratione qui. Explicabo architecto dolor est ut recusandae magni.', '546-227-9434', 'http://lonzo.com', 'Anonymous', '2023-10-27 20:53:16.011329', 'Anonymous', '2023-10-27 20:53:16.011329', 1, 'Ergonomic executive chair upholstered in bonded black leather and PVC padded seat and back for all-day comfort and support', 0, 0),
(199, 'Generic Wooden Pizza Nhà riêng', 'Rem ex enim reprehenderit doloribus veniam quia est est ea. Non vitae a debitis. Saepe fuga magnam omnis facilis tempore quos quod ea. Quos debitis doloribus omnis. Consequatur est sapiente. Consectetur aliquam praesentium eos beatae iure omnis illo veritatis.', '694-764-7050', 'http://dianna.com', 'Anonymous', '2023-10-27 20:53:16.011330', 'Anonymous', '2023-10-27 20:53:16.011330', 2, 'Carbonite web goalkeeper gloves are ergonomically designed to give easy fit', 0, 0),
(200, 'Intelligent Cotton Sausages Nhà riêng', 'Tenetur assumenda voluptas et repellendus esse voluptates ullam facilis est. Asperiores omnis non reiciendis voluptatem consequatur. Hic sit nulla occaecati sed quam deleniti. Sapiente vero sunt et soluta aut accusamus. Illum quia in et neque est.', '226-408-1039', 'http://keaton.com', 'Anonymous', '2023-10-27 20:53:16.011331', 'Anonymous', '2023-10-27 20:53:16.011331', 2, 'New ABC 13 9370, 13.3, 5th Gen CoreA5-8250U, 8GB RAM, 256GB SSD, power UHD Graphics, OS 10 Home, OS Office A & J 2016', 0, 0),
(201, 'Unbranded Wooden Chips Homestay', 'Provident soluta laudantium. Ea omnis ab est. Consectetur porro aliquam soluta officiis.', '348-258-0813', 'https://beaulah.com', 'Anonymous', '2023-10-27 20:53:16.011332', 'Anonymous', '2023-10-27 20:53:16.011332', 1, 'The Football Is Good For Training And Recreational Purposes', 0, 0),
(202, 'Small Fresh Pizza Khách sạn', 'Enim amet rerum rerum. Repudiandae et doloribus eos quo voluptatem nostrum dolores quia maxime. Ex nobis sint quis repudiandae delectus. Id illum ut.', '421-371-8185', 'http://gerardo.org', 'Anonymous', '2023-10-27 20:53:16.011333', 'Anonymous', '2023-10-27 20:53:16.011333', 4, 'The Football Is Good For Training And Recreational Purposes', 0, 0),
(203, 'Licensed Soft Shoes Resort', 'Doloremque molestiae nihil ea officiis facilis. Consequatur ex et harum perspiciatis aut commodi dolorem. Sed dolores nesciunt repellendus porro qui. Est eos est quo omnis. Et doloribus unde eum aut. Ad officiis ea ut adipisci est commodi et dolorem est.', '332-570-7826', 'https://marilou.org', 'Anonymous', '2023-10-27 20:53:16.011334', 'Anonymous', '2023-10-27 20:53:16.011334', 5, 'The beautiful range of Apple Naturalé that has an exciting mix of natural ingredients. With the Goodness of 100% Natural Ingredients', 0, 0);
INSERT INTO `hotels` (`Id`, `Name`, `Notes`, `PhoneNumber`, `WebsiteAddress`, `CreatedBy`, `CreatedAt`, `ModifiedBy`, `ModifiedAt`, `CategoryId`, `Description`, `ReviewCount`, `ReviewRating`) VALUES
(204, 'Awesome Granite Pants Nhà nghỉ', 'Quod ipsum rerum eos itaque reiciendis id natus. Ratione aut dolorem dignissimos et exercitationem aut a non sunt. Ea qui vel et sunt dolorum eius non sapiente. Ratione tempore maxime dolor quia illo fugit quas cum aperiam. Velit ab dolor aut voluptatibus tenetur quos qui dolorem et.', '996-640-9025', 'http://christ.org', 'Anonymous', '2023-10-27 20:53:16.011335', 'Anonymous', '2023-10-27 20:53:16.011335', 6, 'The slim & simple Maple Gaming Keyboard from Dev Byte comes with a sleek body and 7- Color RGB LED Back-lighting for smart functionality', 0, 0),
(205, 'Refined Cotton Towels Khách sạn', 'Reprehenderit maiores porro et incidunt asperiores omnis corporis. Ratione eum deserunt. Totam officia sunt omnis. Quis nisi asperiores mollitia est beatae quia. Nobis ut placeat. Illo aut voluptatem fuga et nulla eum.', '392-523-5513', 'https://dee.net', 'Anonymous', '2023-10-27 20:53:16.011336', 'Anonymous', '2023-10-27 20:53:16.011336', 4, 'Carbonite web goalkeeper gloves are ergonomically designed to give easy fit', 0, 0),
(206, 'Ergonomic Soft Shoes Nhà nghỉ', 'Nam fuga ut ratione exercitationem qui. Minima voluptatum pariatur qui accusamus. Sint vero doloribus magnam. Quisquam itaque veniam adipisci doloremque dolores ad provident accusantium iste. Qui est autem beatae blanditiis odit quibusdam eos corporis. Molestias non soluta soluta nam.', '422-558-5795', 'https://buster.org', 'Anonymous', '2023-10-27 20:53:16.011337', 'Anonymous', '2023-10-27 20:53:16.011337', 6, 'Carbonite web goalkeeper gloves are ergonomically designed to give easy fit', 0, 0),
(207, 'Generic Steel Cheese Nhà nghỉ', 'Asperiores fugiat voluptas quos et. Error quas officia earum molestiae unde id sunt. Dicta cupiditate tenetur expedita sit quasi ut quia. Exercitationem iste iusto ut molestiae.', '637-316-6738', 'https://larissa.info', 'Anonymous', '2023-10-27 20:53:16.011338', 'Anonymous', '2023-10-27 20:53:16.011338', 6, 'New range of formal shirts are designed keeping you in mind. With fits and styling that will make you stand apart', 0, 0),
(208, 'Gorgeous Wooden Pizza Nhà nghỉ', 'Expedita nulla sunt nihil aut saepe rerum tempora natus. Assumenda odit quisquam. Perferendis alias beatae. Qui esse in eos voluptatem asperiores.', '892-202-7606', 'http://katarina.biz', 'Anonymous', '2023-10-27 20:53:16.011339', 'Anonymous', '2023-10-27 20:53:16.011339', 6, 'The Football Is Good For Training And Recreational Purposes', 0, 0),
(209, 'Unbranded Cotton Keyboard Resort', 'Atque sunt eum aut impedit soluta. Optio qui ut. Iusto velit autem. Voluptatem doloremque molestias exercitationem quod ex illum voluptatibus et.', '433-308-1875', 'http://mustafa.name', 'Anonymous', '2023-10-27 20:53:16.011340', 'Anonymous', '2023-10-27 20:53:16.011340', 5, 'Ergonomic executive chair upholstered in bonded black leather and PVC padded seat and back for all-day comfort and support', 0, 0),
(210, 'Sleek Cotton Salad Resort', 'Aperiam officia id ducimus necessitatibus tempore quod. Aut fugiat quis corrupti. Assumenda ipsam quis vero nihil nesciunt porro.', '639-831-7200', 'https://donato.biz', 'Anonymous', '2023-10-27 20:53:16.011341', 'Anonymous', '2023-10-27 20:53:16.011341', 5, 'Ergonomic executive chair upholstered in bonded black leather and PVC padded seat and back for all-day comfort and support', 0, 0),
(211, 'Refined Wooden Soap Nhà nghỉ', 'Quis facilis consectetur. Laboriosam et sit eum ducimus qui. Assumenda similique nam.', '983-496-6400', 'https://frederique.net', 'Anonymous', '2023-10-27 20:53:16.011342', 'Anonymous', '2023-10-27 20:53:16.011342', 6, 'Andy shoes are designed to keeping in mind durability as well as trends, the most stylish range of shoes & sandals', 0, 0),
(212, 'Tasty Soft Table Khách sạn', 'Odio maxime accusamus. Culpa illo aliquam blanditiis. Voluptatum neque et. Eum vitae autem a magni aut ullam. Reiciendis deserunt ipsum in recusandae amet.', '916-438-0973', 'http://bonita.info', 'Anonymous', '2023-10-27 20:53:16.011343', 'Anonymous', '2023-10-27 20:53:16.011343', 4, 'The beautiful range of Apple Naturalé that has an exciting mix of natural ingredients. With the Goodness of 100% Natural Ingredients', 0, 0),
(213, 'Refined Frozen Pizza Căn hộ', 'Totam rerum enim quisquam blanditiis quisquam quis temporibus. Quaerat qui quis. Porro enim eveniet.', '268-546-6670', 'https://anastacio.net', 'Anonymous', '2023-10-27 20:53:16.011343', 'Anonymous', '2023-10-27 20:53:16.011343', 3, 'The slim & simple Maple Gaming Keyboard from Dev Byte comes with a sleek body and 7- Color RGB LED Back-lighting for smart functionality', 0, 0),
(214, 'Unbranded Metal Computer Resort', 'Consequuntur porro quos quam dolores animi natus est ipsa illum. Et commodi at velit iusto blanditiis et natus quia omnis. Molestias incidunt omnis neque et. Voluptatem incidunt aliquid molestiae nihil officiis. Laudantium optio sunt quidem reprehenderit sit voluptas.', '397-291-9788', 'https://serena.name', 'Anonymous', '2023-10-27 20:53:16.011344', 'Anonymous', '2023-10-27 20:53:16.011344', 5, 'The beautiful range of Apple Naturalé that has an exciting mix of natural ingredients. With the Goodness of 100% Natural Ingredients', 0, 0),
(215, 'Fantastic Rubber Table Homestay', 'Ut sequi magni numquam necessitatibus illum ut dignissimos. Voluptatibus est fugit qui tenetur voluptatem omnis ut consequatur. Et in quasi sed. Aspernatur sed est doloremque quae laboriosam accusamus commodi vero. Velit et quidem iste ut consequuntur corporis alias cumque in. Dolore et aut et voluptatem deleniti vel.', '475-489-5879', 'https://stephan.name', 'Anonymous', '2023-10-27 20:53:16.011345', 'Anonymous', '2023-10-27 20:53:16.011345', 1, 'The automobile layout consists of a front-engine design, with transaxle-type transmissions mounted at the rear of the engine and four wheel drive', 0, 0),
(216, 'Gorgeous Frozen Cheese Homestay', 'Inventore dolores doloribus saepe maxime ducimus saepe iusto voluptas dolor. Error quia rem nihil qui. Itaque est dignissimos corporis quod enim. Fuga sit id voluptatem perferendis et.', '360-877-5582', 'https://jovany.biz', 'Anonymous', '2023-10-27 20:53:16.011346', 'Anonymous', '2023-10-27 20:53:16.011346', 1, 'The slim & simple Maple Gaming Keyboard from Dev Byte comes with a sleek body and 7- Color RGB LED Back-lighting for smart functionality', 0, 0),
(217, 'Tasty Cotton Computer Homestay', 'Adipisci molestiae harum vel vero dolorum molestias rerum. Ut fugit veritatis. Cum itaque sint.', '560-324-5292', 'https://naomie.org', 'Anonymous', '2023-10-27 20:53:16.011347', 'Anonymous', '2023-10-27 20:53:16.011347', 1, 'Boston\'s most advanced compression wear technology increases muscle oxygenation, stabilizes active muscles', 0, 0),
(218, 'Refined Cotton Mouse Nhà riêng', 'Totam maxime tempore est cumque in tempora eveniet ipsa. Mollitia eum esse veritatis error quia. Autem non accusamus ut. Sequi voluptate similique veniam voluptas quia deleniti est. Omnis quasi sapiente eos vel explicabo.', '310-785-1734', 'https://demetris.net', 'Anonymous', '2023-10-27 20:53:16.011348', 'Anonymous', '2023-10-27 20:53:16.011348', 2, 'The automobile layout consists of a front-engine design, with transaxle-type transmissions mounted at the rear of the engine and four wheel drive', 0, 0),
(219, 'Practical Soft Salad Homestay', 'Fuga voluptatem nulla reprehenderit est autem. Vero voluptatem illo. Aut inventore iure. Qui et unde.', '667-304-5693', 'https://ollie.name', 'Anonymous', '2023-10-27 20:53:16.011349', 'Anonymous', '2023-10-27 20:53:16.011349', 1, 'New ABC 13 9370, 13.3, 5th Gen CoreA5-8250U, 8GB RAM, 256GB SSD, power UHD Graphics, OS 10 Home, OS Office A & J 2016', 0, 0),
(220, 'Gorgeous Concrete Chicken Nhà riêng', 'Id distinctio vel maiores ad placeat. Commodi blanditiis voluptas et. Vero omnis suscipit eos delectus dolorum. Et rerum corrupti consectetur eligendi aliquam. Aut sequi fugiat praesentium odit et qui est repellendus voluptatem.', '733-587-3270', 'https://stanley.org', 'Anonymous', '2023-10-27 20:53:16.011350', 'Anonymous', '2023-10-27 20:53:16.011350', 2, 'The slim & simple Maple Gaming Keyboard from Dev Byte comes with a sleek body and 7- Color RGB LED Back-lighting for smart functionality', 0, 0);

-- --------------------------------------------------------

--
-- Cấu trúc bảng cho bảng `payments`
--

CREATE TABLE `payments` (
  `Id` int(11) NOT NULL,
  `Amount` double NOT NULL,
  `Method` longtext DEFAULT NULL,
  `ReservationId` int(11) NOT NULL,
  `CreatedBy` longtext DEFAULT NULL,
  `CreatedAt` datetime(6) DEFAULT NULL,
  `ModifiedBy` longtext DEFAULT NULL,
  `ModifiedAt` datetime(6) DEFAULT NULL
) ENGINE=InnoDB DEFAULT CHARSET=utf8mb4 COLLATE=utf8mb4_general_ci;

-- --------------------------------------------------------

--
-- Cấu trúc bảng cho bảng `reservationdetails`
--

CREATE TABLE `reservationdetails` (
  `Id` int(11) NOT NULL,
  `CheckInDate` date NOT NULL,
  `CheckOutDate` date NOT NULL,
  `ReservationId` int(11) NOT NULL,
  `RoomTypeId` int(11) NOT NULL,
  `CreatedBy` longtext DEFAULT NULL,
  `CreatedAt` datetime(6) DEFAULT NULL,
  `ModifiedBy` longtext DEFAULT NULL,
  `ModifiedAt` datetime(6) DEFAULT NULL,
  `IsReviewed` tinyint(1) NOT NULL DEFAULT 0,
  `Price` double NOT NULL DEFAULT 0,
  `Quantity` int(11) NOT NULL DEFAULT 0
) ENGINE=InnoDB DEFAULT CHARSET=utf8mb4 COLLATE=utf8mb4_general_ci;

--
-- Đang đổ dữ liệu cho bảng `reservationdetails`
--

INSERT INTO `reservationdetails` (`Id`, `CheckInDate`, `CheckOutDate`, `ReservationId`, `RoomTypeId`, `CreatedBy`, `CreatedAt`, `ModifiedBy`, `ModifiedAt`, `IsReviewed`, `Price`, `Quantity`) VALUES
(1, '2023-05-30', '2023-06-01', 1, 1, 'Anonymous', '2023-10-27 20:53:16.010225', 'Anonymous', '2023-10-27 20:53:16.010225', 1, 356, 1),
(2, '2023-06-04', '2023-06-06', 2, 2, 'Anonymous', '2023-10-27 20:53:16.010258', 'Anonymous', '2023-10-27 20:53:16.010258', 1, 1655, 2),
(3, '2023-02-12', '2023-02-14', 3, 2, 'Anonymous', '2023-10-27 20:53:16.010263', 'Anonymous', '2023-10-27 20:53:16.010263', 1, 1324, 1),
(4, '2023-01-03', '2023-01-05', 4, 3, 'Anonymous', '2023-10-27 20:53:16.010284', 'Anonymous', '2023-10-27 20:53:16.010284', 1, 101, 2),
(5, '2023-08-25', '2023-08-27', 5, 3, 'Anonymous', '2023-10-27 20:53:16.010289', 'Anonymous', '2023-10-27 20:53:16.010289', 1, 555, 2),
(6, '2023-04-12', '2023-04-14', 6, 3, 'Anonymous', '2023-10-27 20:53:16.010293', 'Anonymous', '2023-10-27 20:53:16.010293', 1, 518, 1),
(7, '2023-04-09', '2023-04-11', 7, 3, 'Anonymous', '2023-10-27 20:53:16.010297', 'Anonymous', '2023-10-27 20:53:16.010297', 1, 900, 2),
(8, '2023-02-08', '2023-02-10', 8, 4, 'Anonymous', '2023-10-27 20:53:16.010342', 'Anonymous', '2023-10-27 20:53:16.010342', 1, 1789, 1),
(9, '2023-04-22', '2023-04-24', 9, 4, 'Anonymous', '2023-10-27 20:53:16.010346', 'Anonymous', '2023-10-27 20:53:16.010347', 1, 1182, 1),
(10, '2022-12-04', '2022-12-06', 10, 4, 'Anonymous', '2023-10-27 20:53:16.010352', 'Anonymous', '2023-10-27 20:53:16.010352', 1, 555, 1),
(11, '2023-08-10', '2023-08-12', 11, 4, 'Anonymous', '2023-10-27 20:53:16.010357', 'Anonymous', '2023-10-27 20:53:16.010357', 1, 1727, 2),
(12, '2023-10-07', '2023-10-09', 12, 5, 'Anonymous', '2023-10-27 20:53:16.010395', 'Anonymous', '2023-10-27 20:53:16.010395', 1, 1396, 1),
(13, '2023-02-24', '2023-02-26', 13, 5, 'Anonymous', '2023-10-27 20:53:16.010399', 'Anonymous', '2023-10-27 20:53:16.010400', 1, 587, 2),
(14, '2022-12-22', '2022-12-24', 14, 5, 'Anonymous', '2023-10-27 20:53:16.010408', 'Anonymous', '2023-10-27 20:53:16.010408', 1, 1820, 1),
(15, '2022-11-10', '2022-11-12', 15, 6, 'Anonymous', '2023-10-27 20:53:16.010432', 'Anonymous', '2023-10-27 20:53:16.010432', 1, 496, 1),
(16, '2023-04-08', '2023-04-10', 16, 7, 'Anonymous', '2023-10-27 20:53:16.010468', 'Anonymous', '2023-10-27 20:53:16.010468', 1, 1650, 1),
(17, '2022-12-30', '2023-01-01', 17, 8, 'Anonymous', '2023-10-27 20:53:16.010513', 'Anonymous', '2023-10-27 20:53:16.010513', 1, 1394, 1),
(18, '2023-03-24', '2023-03-26', 18, 8, 'Anonymous', '2023-10-27 20:53:16.010517', 'Anonymous', '2023-10-27 20:53:16.010517', 1, 1122, 1),
(19, '2023-10-08', '2023-10-10', 19, 8, 'Anonymous', '2023-10-27 20:53:16.010520', 'Anonymous', '2023-10-27 20:53:16.010520', 1, 220, 1),
(20, '2023-07-31', '2023-08-02', 20, 8, 'Anonymous', '2023-10-27 20:53:16.010523', 'Anonymous', '2023-10-27 20:53:16.010523', 1, 1954, 2),
(21, '2023-07-11', '2023-07-13', 21, 9, 'Anonymous', '2023-10-27 20:53:16.010538', 'Anonymous', '2023-10-27 20:53:16.010539', 1, 369, 1),
(22, '2022-11-21', '2022-11-23', 22, 10, 'Anonymous', '2023-10-27 20:53:16.010557', 'Anonymous', '2023-10-27 20:53:16.010558', 1, 773, 2),
(23, '2023-02-18', '2023-02-20', 23, 10, 'Anonymous', '2023-10-27 20:53:16.010562', 'Anonymous', '2023-10-27 20:53:16.010563', 1, 948, 1),
(24, '2023-08-08', '2023-08-10', 24, 10, 'Anonymous', '2023-10-27 20:53:16.010565', 'Anonymous', '2023-10-27 20:53:16.010565', 1, 872, 1),
(25, '2023-04-11', '2023-04-13', 25, 10, 'Anonymous', '2023-10-27 20:53:16.010567', 'Anonymous', '2023-10-27 20:53:16.010567', 1, 1607, 2),
(26, '2023-08-26', '2023-08-28', 26, 10, 'Anonymous', '2023-10-27 20:53:16.010570', 'Anonymous', '2023-10-27 20:53:16.010570', 1, 1461, 1),
(27, '2022-11-07', '2022-11-09', 27, 11, 'Anonymous', '2023-10-27 20:53:16.010608', 'Anonymous', '2023-10-27 20:53:16.010608', 1, 901, 1),
(28, '2022-12-16', '2022-12-18', 28, 11, 'Anonymous', '2023-10-27 20:53:16.010611', 'Anonymous', '2023-10-27 20:53:16.010611', 1, 1727, 2),
(29, '2023-07-16', '2023-07-18', 29, 12, 'Anonymous', '2023-10-27 20:53:16.010652', 'Anonymous', '2023-10-27 20:53:16.010652', 1, 899, 2),
(30, '2022-12-02', '2022-12-04', 30, 12, 'Anonymous', '2023-10-27 20:53:16.010654', 'Anonymous', '2023-10-27 20:53:16.010655', 1, 996, 2),
(31, '2023-02-08', '2023-02-10', 31, 12, 'Anonymous', '2023-10-27 20:53:16.010657', 'Anonymous', '2023-10-27 20:53:16.010657', 1, 886, 1),
(32, '2023-06-03', '2023-06-05', 32, 13, 'Anonymous', '2023-10-27 20:53:16.010674', 'Anonymous', '2023-10-27 20:53:16.010674', 1, 955, 1),
(33, '2023-05-22', '2023-05-24', 33, 13, 'Anonymous', '2023-10-27 20:53:16.010677', 'Anonymous', '2023-10-27 20:53:16.010677', 1, 934, 1),
(34, '2022-12-15', '2022-12-17', 34, 13, 'Anonymous', '2023-10-27 20:53:16.010678', 'Anonymous', '2023-10-27 20:53:16.010679', 1, 723, 1),
(35, '2023-04-05', '2023-04-07', 35, 14, 'Anonymous', '2023-10-27 20:53:16.010688', 'Anonymous', '2023-10-27 20:53:16.010688', 1, 965, 2),
(36, '2023-05-01', '2023-05-03', 36, 14, 'Anonymous', '2023-10-27 20:53:16.010691', 'Anonymous', '2023-10-27 20:53:16.010691', 1, 1190, 1),
(37, '2022-12-23', '2022-12-25', 37, 14, 'Anonymous', '2023-10-27 20:53:16.010692', 'Anonymous', '2023-10-27 20:53:16.010693', 1, 783, 1),
(38, '2023-09-27', '2023-09-29', 38, 15, 'Anonymous', '2023-10-27 20:53:16.010712', 'Anonymous', '2023-10-27 20:53:16.010714', 1, 888, 2),
(39, '2023-10-27', '2023-10-29', 39, 17, 'Anonymous', '2023-10-27 20:53:16.010738', 'Anonymous', '2023-10-27 20:53:16.010738', 1, 375, 1),
(40, '2023-08-26', '2023-08-28', 40, 17, 'Anonymous', '2023-10-27 20:53:16.010740', 'Anonymous', '2023-10-27 20:53:16.010740', 1, 1259, 2),
(41, '2023-09-15', '2023-09-17', 41, 17, 'Anonymous', '2023-10-27 20:53:16.010741', 'Anonymous', '2023-10-27 20:53:16.010741', 1, 478, 1),
(42, '2023-10-03', '2023-10-05', 42, 18, 'Anonymous', '2023-10-27 20:53:16.010747', 'Anonymous', '2023-10-27 20:53:16.010747', 1, 858, 2),
(43, '2022-10-28', '2022-10-30', 43, 19, 'Anonymous', '2023-10-27 20:53:16.010751', 'Anonymous', '2023-10-27 20:53:16.010751', 1, 957, 1),
(44, '2023-07-07', '2023-07-09', 44, 19, 'Anonymous', '2023-10-27 20:53:16.010753', 'Anonymous', '2023-10-27 20:53:16.010753', 1, 1627, 2),
(45, '2023-07-28', '2023-07-30', 45, 19, 'Anonymous', '2023-10-27 20:53:16.010754', 'Anonymous', '2023-10-27 20:53:16.010754', 1, 595, 2),
(46, '2023-05-01', '2023-05-03', 46, 19, 'Anonymous', '2023-10-27 20:53:16.010755', 'Anonymous', '2023-10-27 20:53:16.010755', 1, 1558, 1),
(47, '2023-08-21', '2023-08-23', 47, 21, 'Anonymous', '2023-10-27 20:53:16.010773', 'Anonymous', '2023-10-27 20:53:16.010773', 1, 487, 2),
(48, '2023-04-24', '2023-04-26', 48, 21, 'Anonymous', '2023-10-27 20:53:16.010774', 'Anonymous', '2023-10-27 20:53:16.010774', 1, 1473, 1),
(49, '2022-11-05', '2022-11-07', 49, 22, 'Anonymous', '2023-10-27 20:53:16.010788', 'Anonymous', '2023-10-27 20:53:16.010788', 1, 333, 2),
(50, '2023-09-12', '2023-09-14', 50, 23, 'Anonymous', '2023-10-27 20:53:16.010793', 'Anonymous', '2023-10-27 20:53:16.010794', 1, 370, 1),
(51, '2023-03-31', '2023-04-02', 51, 23, 'Anonymous', '2023-10-27 20:53:16.010794', 'Anonymous', '2023-10-27 20:53:16.010795', 1, 1769, 2),
(52, '2023-10-24', '2023-10-26', 52, 23, 'Anonymous', '2023-10-27 20:53:16.010795', 'Anonymous', '2023-10-27 20:53:16.010795', 1, 1793, 2),
(53, '2023-02-15', '2023-02-17', 53, 23, 'Anonymous', '2023-10-27 20:53:16.010797', 'Anonymous', '2023-10-27 20:53:16.010797', 1, 578, 1),
(54, '2023-01-28', '2023-01-30', 54, 24, 'Anonymous', '2023-10-27 20:53:16.010807', 'Anonymous', '2023-10-27 20:53:16.010807', 1, 681, 1),
(55, '2022-12-26', '2022-12-28', 55, 24, 'Anonymous', '2023-10-27 20:53:16.010808', 'Anonymous', '2023-10-27 20:53:16.010808', 1, 149, 1),
(56, '2022-12-07', '2022-12-09', 56, 24, 'Anonymous', '2023-10-27 20:53:16.010809', 'Anonymous', '2023-10-27 20:53:16.010809', 1, 424, 2),
(57, '2023-09-06', '2023-09-08', 57, 25, 'Anonymous', '2023-10-27 20:53:16.010813', 'Anonymous', '2023-10-27 20:53:16.010813', 1, 1024, 1),
(58, '2023-10-21', '2023-10-23', 58, 25, 'Anonymous', '2023-10-27 20:53:16.010815', 'Anonymous', '2023-10-27 20:53:16.010815', 1, 1339, 1),
(59, '2023-09-26', '2023-09-28', 59, 25, 'Anonymous', '2023-10-27 20:53:16.010816', 'Anonymous', '2023-10-27 20:53:16.010816', 1, 657, 1),
(60, '2023-05-04', '2023-05-06', 60, 25, 'Anonymous', '2023-10-27 20:53:16.010817', 'Anonymous', '2023-10-27 20:53:16.010817', 1, 100, 2),
(61, '2022-12-07', '2022-12-09', 61, 26, 'Anonymous', '2023-10-27 20:53:16.010839', 'Anonymous', '2023-10-27 20:53:16.010839', 1, 819, 2),
(62, '2023-10-19', '2023-10-21', 62, 26, 'Anonymous', '2023-10-27 20:53:16.010840', 'Anonymous', '2023-10-27 20:53:16.010840', 1, 728, 2),
(63, '2023-06-19', '2023-06-21', 63, 27, 'Anonymous', '2023-10-27 20:53:16.010852', 'Anonymous', '2023-10-27 20:53:16.010852', 1, 626, 1),
(64, '2023-03-28', '2023-03-30', 64, 27, 'Anonymous', '2023-10-27 20:53:16.010854', 'Anonymous', '2023-10-27 20:53:16.010854', 1, 1153, 2),
(65, '2023-10-27', '2023-10-29', 65, 27, 'Anonymous', '2023-10-27 20:53:16.010855', 'Anonymous', '2023-10-27 20:53:16.010855', 1, 1956, 2),
(66, '2023-01-22', '2023-01-24', 66, 27, 'Anonymous', '2023-10-27 20:53:16.010857', 'Anonymous', '2023-10-27 20:53:16.010857', 1, 759, 1),
(67, '2023-07-18', '2023-07-20', 67, 29, 'Anonymous', '2023-10-27 20:53:16.010899', 'Anonymous', '2023-10-27 20:53:16.010899', 1, 1423, 2),
(68, '2022-12-09', '2022-12-11', 68, 32, 'Anonymous', '2023-10-27 20:53:16.010947', 'Anonymous', '2023-10-27 20:53:16.010947', 1, 731, 1),
(69, '2022-11-16', '2022-11-18', 69, 32, 'Anonymous', '2023-10-27 20:53:16.010948', 'Anonymous', '2023-10-27 20:53:16.010948', 1, 775, 2),
(70, '2023-03-30', '2023-04-01', 70, 32, 'Anonymous', '2023-10-27 20:53:16.010949', 'Anonymous', '2023-10-27 20:53:16.010949', 1, 733, 2),
(71, '2023-06-19', '2023-06-21', 71, 32, 'Anonymous', '2023-10-27 20:53:16.010950', 'Anonymous', '2023-10-27 20:53:16.010950', 1, 1442, 1),
(72, '2023-05-17', '2023-05-19', 72, 32, 'Anonymous', '2023-10-27 20:53:16.010951', 'Anonymous', '2023-10-27 20:53:16.010951', 1, 1593, 1),
(73, '2023-01-24', '2023-01-26', 73, 33, 'Anonymous', '2023-10-27 20:53:16.010960', 'Anonymous', '2023-10-27 20:53:16.010961', 1, 174, 1),
(74, '2023-03-31', '2023-04-02', 74, 33, 'Anonymous', '2023-10-27 20:53:16.010962', 'Anonymous', '2023-10-27 20:53:16.010962', 1, 1405, 1),
(75, '2023-04-28', '2023-04-30', 75, 33, 'Anonymous', '2023-10-27 20:53:16.010963', 'Anonymous', '2023-10-27 20:53:16.010963', 1, 451, 1),
(76, '2023-05-08', '2023-05-10', 76, 35, 'Anonymous', '2023-10-27 20:53:16.010996', 'Anonymous', '2023-10-27 20:53:16.010996', 1, 1733, 2),
(77, '2023-07-21', '2023-07-23', 77, 35, 'Anonymous', '2023-10-27 20:53:16.010998', 'Anonymous', '2023-10-27 20:53:16.010998', 1, 119, 2),
(78, '2022-12-05', '2022-12-07', 78, 35, 'Anonymous', '2023-10-27 20:53:16.010999', 'Anonymous', '2023-10-27 20:53:16.010999', 1, 1640, 2),
(79, '2023-06-02', '2023-06-04', 79, 35, 'Anonymous', '2023-10-27 20:53:16.011001', 'Anonymous', '2023-10-27 20:53:16.011001', 1, 174, 1),
(80, '2022-11-24', '2022-11-26', 80, 35, 'Anonymous', '2023-10-27 20:53:16.011002', 'Anonymous', '2023-10-27 20:53:16.011003', 1, 1049, 2),
(81, '2023-04-08', '2023-04-10', 81, 36, 'Anonymous', '2023-10-27 20:53:16.011015', 'Anonymous', '2023-10-27 20:53:16.011015', 1, 859, 2),
(82, '2023-02-19', '2023-02-21', 82, 36, 'Anonymous', '2023-10-27 20:53:16.011017', 'Anonymous', '2023-10-27 20:53:16.011017', 1, 709, 1),
(83, '2023-08-15', '2023-08-17', 83, 36, 'Anonymous', '2023-10-27 20:53:16.011021', 'Anonymous', '2023-10-27 20:53:16.011021', 1, 1295, 2),
(84, '2023-03-03', '2023-03-05', 84, 36, 'Anonymous', '2023-10-27 20:53:16.011023', 'Anonymous', '2023-10-27 20:53:16.011023', 1, 831, 1),
(85, '2023-05-04', '2023-05-06', 85, 37, 'Anonymous', '2023-10-27 20:53:16.011036', 'Anonymous', '2023-10-27 20:53:16.011036', 1, 336, 2),
(86, '2023-04-16', '2023-04-18', 86, 37, 'Anonymous', '2023-10-27 20:53:16.011037', 'Anonymous', '2023-10-27 20:53:16.011037', 1, 1690, 1),
(87, '2023-03-24', '2023-03-26', 87, 37, 'Anonymous', '2023-10-27 20:53:16.011039', 'Anonymous', '2023-10-27 20:53:16.011039', 1, 614, 1),
(88, '2023-03-06', '2023-03-08', 88, 38, 'Anonymous', '2023-10-27 20:53:16.011050', 'Anonymous', '2023-10-27 20:53:16.011050', 1, 1346, 1),
(89, '2022-12-14', '2022-12-16', 89, 39, 'Anonymous', '2023-10-27 20:53:16.011061', 'Anonymous', '2023-10-27 20:53:16.011061', 1, 1051, 1),
(90, '2023-09-02', '2023-09-04', 90, 39, 'Anonymous', '2023-10-27 20:53:16.011062', 'Anonymous', '2023-10-27 20:53:16.011062', 1, 1495, 1),
(91, '2023-04-22', '2023-04-24', 91, 39, 'Anonymous', '2023-10-27 20:53:16.011063', 'Anonymous', '2023-10-27 20:53:16.011063', 1, 205, 1),
(92, '2023-06-26', '2023-06-28', 92, 40, 'Anonymous', '2023-10-27 20:53:16.011068', 'Anonymous', '2023-10-27 20:53:16.011068', 1, 1525, 1),
(93, '2023-04-18', '2023-04-20', 93, 40, 'Anonymous', '2023-10-27 20:53:16.011069', 'Anonymous', '2023-10-27 20:53:16.011069', 1, 433, 2),
(94, '2023-05-22', '2023-05-24', 94, 40, 'Anonymous', '2023-10-27 20:53:16.011070', 'Anonymous', '2023-10-27 20:53:16.011070', 1, 124, 1),
(95, '2022-11-25', '2022-11-27', 95, 40, 'Anonymous', '2023-10-27 20:53:16.011071', 'Anonymous', '2023-10-27 20:53:16.011071', 1, 655, 2),
(96, '2022-11-13', '2022-11-15', 96, 41, 'Anonymous', '2023-10-27 20:53:16.011078', 'Anonymous', '2023-10-27 20:53:16.011079', 1, 835, 2),
(97, '2023-05-29', '2023-05-31', 97, 41, 'Anonymous', '2023-10-27 20:53:16.011080', 'Anonymous', '2023-10-27 20:53:16.011080', 1, 1002, 2),
(98, '2023-06-12', '2023-06-14', 98, 41, 'Anonymous', '2023-10-27 20:53:16.011081', 'Anonymous', '2023-10-27 20:53:16.011082', 1, 832, 1);

-- --------------------------------------------------------

--
-- Cấu trúc bảng cho bảng `reservations`
--

CREATE TABLE `reservations` (
  `Id` int(11) NOT NULL,
  `TotalQuantity` int(11) NOT NULL,
  `TotalCost` double NOT NULL,
  `GuestId` int(11) NOT NULL,
  `CreatedBy` longtext DEFAULT NULL,
  `CreatedAt` datetime(6) DEFAULT NULL,
  `ModifiedBy` longtext DEFAULT NULL,
  `ModifiedAt` datetime(6) DEFAULT NULL
) ENGINE=InnoDB DEFAULT CHARSET=utf8mb4 COLLATE=utf8mb4_general_ci;

--
-- Đang đổ dữ liệu cho bảng `reservations`
--

INSERT INTO `reservations` (`Id`, `TotalQuantity`, `TotalCost`, `GuestId`, `CreatedBy`, `CreatedAt`, `ModifiedBy`, `ModifiedAt`) VALUES
(1, 0, 0, 1, 'Anonymous', '2023-10-27 20:53:16.010226', 'Anonymous', '2023-10-27 20:53:16.010227'),
(2, 0, 0, 1, 'Anonymous', '2023-10-27 20:53:16.010259', 'Anonymous', '2023-10-27 20:53:16.010260'),
(3, 0, 0, 2, 'Anonymous', '2023-10-27 20:53:16.010265', 'Anonymous', '2023-10-27 20:53:16.010265'),
(4, 0, 0, 3, 'Anonymous', '2023-10-27 20:53:16.010285', 'Anonymous', '2023-10-27 20:53:16.010285'),
(5, 0, 0, 1, 'Anonymous', '2023-10-27 20:53:16.010290', 'Anonymous', '2023-10-27 20:53:16.010290'),
(6, 0, 0, 4, 'Anonymous', '2023-10-27 20:53:16.010294', 'Anonymous', '2023-10-27 20:53:16.010294'),
(7, 0, 0, 1, 'Anonymous', '2023-10-27 20:53:16.010298', 'Anonymous', '2023-10-27 20:53:16.010298'),
(8, 0, 0, 5, 'Anonymous', '2023-10-27 20:53:16.010343', 'Anonymous', '2023-10-27 20:53:16.010343'),
(9, 0, 0, 6, 'Anonymous', '2023-10-27 20:53:16.010347', 'Anonymous', '2023-10-27 20:53:16.010348'),
(10, 0, 0, 7, 'Anonymous', '2023-10-27 20:53:16.010353', 'Anonymous', '2023-10-27 20:53:16.010353'),
(11, 0, 0, 8, 'Anonymous', '2023-10-27 20:53:16.010358', 'Anonymous', '2023-10-27 20:53:16.010358'),
(12, 0, 0, 5, 'Anonymous', '2023-10-27 20:53:16.010396', 'Anonymous', '2023-10-27 20:53:16.010397'),
(13, 0, 0, 6, 'Anonymous', '2023-10-27 20:53:16.010400', 'Anonymous', '2023-10-27 20:53:16.010401'),
(14, 0, 0, 8, 'Anonymous', '2023-10-27 20:53:16.010409', 'Anonymous', '2023-10-27 20:53:16.010409'),
(15, 0, 0, 1, 'Anonymous', '2023-10-27 20:53:16.010432', 'Anonymous', '2023-10-27 20:53:16.010433'),
(16, 0, 0, 4, 'Anonymous', '2023-10-27 20:53:16.010469', 'Anonymous', '2023-10-27 20:53:16.010469'),
(17, 0, 0, 9, 'Anonymous', '2023-10-27 20:53:16.010514', 'Anonymous', '2023-10-27 20:53:16.010515'),
(18, 0, 0, 5, 'Anonymous', '2023-10-27 20:53:16.010518', 'Anonymous', '2023-10-27 20:53:16.010518'),
(19, 0, 0, 4, 'Anonymous', '2023-10-27 20:53:16.010521', 'Anonymous', '2023-10-27 20:53:16.010521'),
(20, 0, 0, 3, 'Anonymous', '2023-10-27 20:53:16.010524', 'Anonymous', '2023-10-27 20:53:16.010524'),
(21, 0, 0, 6, 'Anonymous', '2023-10-27 20:53:16.010539', 'Anonymous', '2023-10-27 20:53:16.010539'),
(22, 0, 0, 3, 'Anonymous', '2023-10-27 20:53:16.010559', 'Anonymous', '2023-10-27 20:53:16.010559'),
(23, 0, 0, 4, 'Anonymous', '2023-10-27 20:53:16.010564', 'Anonymous', '2023-10-27 20:53:16.010564'),
(24, 0, 0, 7, 'Anonymous', '2023-10-27 20:53:16.010566', 'Anonymous', '2023-10-27 20:53:16.010566'),
(25, 0, 0, 4, 'Anonymous', '2023-10-27 20:53:16.010568', 'Anonymous', '2023-10-27 20:53:16.010568'),
(26, 0, 0, 8, 'Anonymous', '2023-10-27 20:53:16.010571', 'Anonymous', '2023-10-27 20:53:16.010571'),
(27, 0, 0, 7, 'Anonymous', '2023-10-27 20:53:16.010609', 'Anonymous', '2023-10-27 20:53:16.010609'),
(28, 0, 0, 8, 'Anonymous', '2023-10-27 20:53:16.010612', 'Anonymous', '2023-10-27 20:53:16.010612'),
(29, 0, 0, 9, 'Anonymous', '2023-10-27 20:53:16.010653', 'Anonymous', '2023-10-27 20:53:16.010653'),
(30, 0, 0, 1, 'Anonymous', '2023-10-27 20:53:16.010655', 'Anonymous', '2023-10-27 20:53:16.010655'),
(31, 0, 0, 4, 'Anonymous', '2023-10-27 20:53:16.010657', 'Anonymous', '2023-10-27 20:53:16.010658'),
(32, 0, 0, 1, 'Anonymous', '2023-10-27 20:53:16.010675', 'Anonymous', '2023-10-27 20:53:16.010675'),
(33, 0, 0, 3, 'Anonymous', '2023-10-27 20:53:16.010677', 'Anonymous', '2023-10-27 20:53:16.010677'),
(34, 0, 0, 6, 'Anonymous', '2023-10-27 20:53:16.010679', 'Anonymous', '2023-10-27 20:53:16.010679'),
(35, 0, 0, 10, 'Anonymous', '2023-10-27 20:53:16.010688', 'Anonymous', '2023-10-27 20:53:16.010688'),
(36, 0, 0, 7, 'Anonymous', '2023-10-27 20:53:16.010691', 'Anonymous', '2023-10-27 20:53:16.010691'),
(37, 0, 0, 8, 'Anonymous', '2023-10-27 20:53:16.010693', 'Anonymous', '2023-10-27 20:53:16.010693'),
(38, 0, 0, 10, 'Anonymous', '2023-10-27 20:53:16.010715', 'Anonymous', '2023-10-27 20:53:16.010715'),
(39, 0, 0, 9, 'Anonymous', '2023-10-27 20:53:16.010739', 'Anonymous', '2023-10-27 20:53:16.010739'),
(40, 0, 0, 3, 'Anonymous', '2023-10-27 20:53:16.010740', 'Anonymous', '2023-10-27 20:53:16.010740'),
(41, 0, 0, 4, 'Anonymous', '2023-10-27 20:53:16.010741', 'Anonymous', '2023-10-27 20:53:16.010741'),
(42, 0, 0, 1, 'Anonymous', '2023-10-27 20:53:16.010747', 'Anonymous', '2023-10-27 20:53:16.010747'),
(43, 0, 0, 9, 'Anonymous', '2023-10-27 20:53:16.010752', 'Anonymous', '2023-10-27 20:53:16.010752'),
(44, 0, 0, 4, 'Anonymous', '2023-10-27 20:53:16.010753', 'Anonymous', '2023-10-27 20:53:16.010753'),
(45, 0, 0, 4, 'Anonymous', '2023-10-27 20:53:16.010754', 'Anonymous', '2023-10-27 20:53:16.010754'),
(46, 0, 0, 8, 'Anonymous', '2023-10-27 20:53:16.010755', 'Anonymous', '2023-10-27 20:53:16.010755'),
(47, 0, 0, 9, 'Anonymous', '2023-10-27 20:53:16.010773', 'Anonymous', '2023-10-27 20:53:16.010773'),
(48, 0, 0, 7, 'Anonymous', '2023-10-27 20:53:16.010774', 'Anonymous', '2023-10-27 20:53:16.010775'),
(49, 0, 0, 10, 'Anonymous', '2023-10-27 20:53:16.010788', 'Anonymous', '2023-10-27 20:53:16.010789'),
(50, 0, 0, 7, 'Anonymous', '2023-10-27 20:53:16.010794', 'Anonymous', '2023-10-27 20:53:16.010794'),
(51, 0, 0, 7, 'Anonymous', '2023-10-27 20:53:16.010795', 'Anonymous', '2023-10-27 20:53:16.010795'),
(52, 0, 0, 1, 'Anonymous', '2023-10-27 20:53:16.010796', 'Anonymous', '2023-10-27 20:53:16.010796'),
(53, 0, 0, 2, 'Anonymous', '2023-10-27 20:53:16.010797', 'Anonymous', '2023-10-27 20:53:16.010797'),
(54, 0, 0, 9, 'Anonymous', '2023-10-27 20:53:16.010807', 'Anonymous', '2023-10-27 20:53:16.010807'),
(55, 0, 0, 7, 'Anonymous', '2023-10-27 20:53:16.010808', 'Anonymous', '2023-10-27 20:53:16.010808'),
(56, 0, 0, 10, 'Anonymous', '2023-10-27 20:53:16.010809', 'Anonymous', '2023-10-27 20:53:16.010809'),
(57, 0, 0, 8, 'Anonymous', '2023-10-27 20:53:16.010814', 'Anonymous', '2023-10-27 20:53:16.010814'),
(58, 0, 0, 9, 'Anonymous', '2023-10-27 20:53:16.010815', 'Anonymous', '2023-10-27 20:53:16.010815'),
(59, 0, 0, 7, 'Anonymous', '2023-10-27 20:53:16.010816', 'Anonymous', '2023-10-27 20:53:16.010816'),
(60, 0, 0, 4, 'Anonymous', '2023-10-27 20:53:16.010817', 'Anonymous', '2023-10-27 20:53:16.010817'),
(61, 0, 0, 4, 'Anonymous', '2023-10-27 20:53:16.010839', 'Anonymous', '2023-10-27 20:53:16.010839'),
(62, 0, 0, 9, 'Anonymous', '2023-10-27 20:53:16.010840', 'Anonymous', '2023-10-27 20:53:16.010841'),
(63, 0, 0, 4, 'Anonymous', '2023-10-27 20:53:16.010853', 'Anonymous', '2023-10-27 20:53:16.010853'),
(64, 0, 0, 5, 'Anonymous', '2023-10-27 20:53:16.010854', 'Anonymous', '2023-10-27 20:53:16.010854'),
(65, 0, 0, 6, 'Anonymous', '2023-10-27 20:53:16.010856', 'Anonymous', '2023-10-27 20:53:16.010856'),
(66, 0, 0, 5, 'Anonymous', '2023-10-27 20:53:16.010857', 'Anonymous', '2023-10-27 20:53:16.010857'),
(67, 0, 0, 7, 'Anonymous', '2023-10-27 20:53:16.010900', 'Anonymous', '2023-10-27 20:53:16.010900'),
(68, 0, 0, 10, 'Anonymous', '2023-10-27 20:53:16.010947', 'Anonymous', '2023-10-27 20:53:16.010947'),
(69, 0, 0, 1, 'Anonymous', '2023-10-27 20:53:16.010948', 'Anonymous', '2023-10-27 20:53:16.010948'),
(70, 0, 0, 8, 'Anonymous', '2023-10-27 20:53:16.010949', 'Anonymous', '2023-10-27 20:53:16.010949'),
(71, 0, 0, 3, 'Anonymous', '2023-10-27 20:53:16.010950', 'Anonymous', '2023-10-27 20:53:16.010950'),
(72, 0, 0, 8, 'Anonymous', '2023-10-27 20:53:16.010951', 'Anonymous', '2023-10-27 20:53:16.010951'),
(73, 0, 0, 1, 'Anonymous', '2023-10-27 20:53:16.010961', 'Anonymous', '2023-10-27 20:53:16.010961'),
(74, 0, 0, 7, 'Anonymous', '2023-10-27 20:53:16.010962', 'Anonymous', '2023-10-27 20:53:16.010962'),
(75, 0, 0, 9, 'Anonymous', '2023-10-27 20:53:16.010963', 'Anonymous', '2023-10-27 20:53:16.010963'),
(76, 0, 0, 3, 'Anonymous', '2023-10-27 20:53:16.010997', 'Anonymous', '2023-10-27 20:53:16.010997'),
(77, 0, 0, 6, 'Anonymous', '2023-10-27 20:53:16.010998', 'Anonymous', '2023-10-27 20:53:16.010998'),
(78, 0, 0, 1, 'Anonymous', '2023-10-27 20:53:16.011000', 'Anonymous', '2023-10-27 20:53:16.011000'),
(79, 0, 0, 7, 'Anonymous', '2023-10-27 20:53:16.011001', 'Anonymous', '2023-10-27 20:53:16.011001'),
(80, 0, 0, 2, 'Anonymous', '2023-10-27 20:53:16.011003', 'Anonymous', '2023-10-27 20:53:16.011003'),
(81, 0, 0, 10, 'Anonymous', '2023-10-27 20:53:16.011016', 'Anonymous', '2023-10-27 20:53:16.011016'),
(82, 0, 0, 3, 'Anonymous', '2023-10-27 20:53:16.011017', 'Anonymous', '2023-10-27 20:53:16.011017'),
(83, 0, 0, 3, 'Anonymous', '2023-10-27 20:53:16.011022', 'Anonymous', '2023-10-27 20:53:16.011022'),
(84, 0, 0, 9, 'Anonymous', '2023-10-27 20:53:16.011023', 'Anonymous', '2023-10-27 20:53:16.011023'),
(85, 0, 0, 9, 'Anonymous', '2023-10-27 20:53:16.011036', 'Anonymous', '2023-10-27 20:53:16.011036'),
(86, 0, 0, 1, 'Anonymous', '2023-10-27 20:53:16.011038', 'Anonymous', '2023-10-27 20:53:16.011038'),
(87, 0, 0, 6, 'Anonymous', '2023-10-27 20:53:16.011039', 'Anonymous', '2023-10-27 20:53:16.011039'),
(88, 0, 0, 10, 'Anonymous', '2023-10-27 20:53:16.011050', 'Anonymous', '2023-10-27 20:53:16.011050'),
(89, 0, 0, 9, 'Anonymous', '2023-10-27 20:53:16.011061', 'Anonymous', '2023-10-27 20:53:16.011061'),
(90, 0, 0, 9, 'Anonymous', '2023-10-27 20:53:16.011062', 'Anonymous', '2023-10-27 20:53:16.011062'),
(91, 0, 0, 3, 'Anonymous', '2023-10-27 20:53:16.011063', 'Anonymous', '2023-10-27 20:53:16.011063'),
(92, 0, 0, 2, 'Anonymous', '2023-10-27 20:53:16.011068', 'Anonymous', '2023-10-27 20:53:16.011068'),
(93, 0, 0, 1, 'Anonymous', '2023-10-27 20:53:16.011069', 'Anonymous', '2023-10-27 20:53:16.011069'),
(94, 0, 0, 10, 'Anonymous', '2023-10-27 20:53:16.011070', 'Anonymous', '2023-10-27 20:53:16.011070'),
(95, 0, 0, 4, 'Anonymous', '2023-10-27 20:53:16.011071', 'Anonymous', '2023-10-27 20:53:16.011072'),
(96, 0, 0, 5, 'Anonymous', '2023-10-27 20:53:16.011079', 'Anonymous', '2023-10-27 20:53:16.011079'),
(97, 0, 0, 5, 'Anonymous', '2023-10-27 20:53:16.011080', 'Anonymous', '2023-10-27 20:53:16.011081'),
(98, 0, 0, 3, 'Anonymous', '2023-10-27 20:53:16.011082', 'Anonymous', '2023-10-27 20:53:16.011082');

-- --------------------------------------------------------

--
-- Cấu trúc bảng cho bảng `reviews`
--

CREATE TABLE `reviews` (
  `Id` int(11) NOT NULL,
  `Title` longtext NOT NULL,
  `Comment` longtext NOT NULL,
  `Rating` int(11) NOT NULL,
  `ReservationDetailId` int(11) NOT NULL,
  `CreatedBy` longtext DEFAULT NULL,
  `CreatedAt` datetime(6) DEFAULT NULL,
  `ModifiedBy` longtext DEFAULT NULL,
  `ModifiedAt` datetime(6) DEFAULT NULL
) ENGINE=InnoDB DEFAULT CHARSET=utf8mb4 COLLATE=utf8mb4_general_ci;

--
-- Đang đổ dữ liệu cho bảng `reviews`
--

INSERT INTO `reviews` (`Id`, `Title`, `Comment`, `Rating`, `ReservationDetailId`, `CreatedBy`, `CreatedAt`, `ModifiedBy`, `ModifiedAt`) VALUES
(1, 'Gasoline', 'My raven loves to play with it.', 4, 1, 'Anonymous', '2023-10-27 20:53:16.010230', 'Anonymous', '2023-10-27 20:53:16.010231'),
(2, 'Electric', 'i use it until further notice when i\'m in my nightclub.', 4, 2, 'Anonymous', '2023-10-27 20:53:16.010261', 'Anonymous', '2023-10-27 20:53:16.010262'),
(3, 'Gasoline', 'It only works when I\'m Nepal.', 4, 3, 'Anonymous', '2023-10-27 20:53:16.010268', 'Anonymous', '2023-10-27 20:53:16.010268'),
(4, 'Diesel', 'talk about contentment!!!', 5, 4, 'Anonymous', '2023-10-27 20:53:16.010287', 'Anonymous', '2023-10-27 20:53:16.010288'),
(5, 'Hybrid', 'talk about hatred.', 4, 5, 'Anonymous', '2023-10-27 20:53:16.010291', 'Anonymous', '2023-10-27 20:53:16.010291'),
(6, 'Hybrid', 'It only works when I\'m Nepal.', 4, 6, 'Anonymous', '2023-10-27 20:53:16.010296', 'Anonymous', '2023-10-27 20:53:16.010296'),
(7, 'Hybrid', 'The box this comes in is 3 inch by 6 centimeter and weights 15 ounce!', 4, 7, 'Anonymous', '2023-10-27 20:53:16.010299', 'Anonymous', '2023-10-27 20:53:16.010299'),
(8, 'Gasoline', 'this product is standard.', 5, 8, 'Anonymous', '2023-10-27 20:53:16.010345', 'Anonymous', '2023-10-27 20:53:16.010345'),
(9, 'Gasoline', 'I tried to behead it but got truffle all over it.', 5, 9, 'Anonymous', '2023-10-27 20:53:16.010351', 'Anonymous', '2023-10-27 20:53:16.010351'),
(10, 'Diesel', 'talk about pleasure.', 5, 10, 'Anonymous', '2023-10-27 20:53:16.010356', 'Anonymous', '2023-10-27 20:53:16.010356'),
(11, 'Electric', 'i use it never again when i\'m in my station.', 5, 11, 'Anonymous', '2023-10-27 20:53:16.010361', 'Anonymous', '2023-10-27 20:53:16.010361'),
(12, 'Hybrid', 'My co-worker Merwin has one of these. He says it looks bubbly.', 4, 12, 'Anonymous', '2023-10-27 20:53:16.010398', 'Anonymous', '2023-10-27 20:53:16.010398'),
(13, 'Gasoline', 'My co-worker Aurthur has one of these. He says it looks white.', 5, 13, 'Anonymous', '2023-10-27 20:53:16.010402', 'Anonymous', '2023-10-27 20:53:16.010402'),
(14, 'Electric', 'this product is honest.', 4, 14, 'Anonymous', '2023-10-27 20:53:16.010410', 'Anonymous', '2023-10-27 20:53:16.010410'),
(15, 'Hybrid', 'My neighbor Montserrat has one of these. She works as a circus performer and she says it looks shriveled.', 5, 15, 'Anonymous', '2023-10-27 20:53:16.010433', 'Anonymous', '2023-10-27 20:53:16.010434'),
(16, 'Gasoline', 'My co-worker Alek has one of these. He says it looks white.', 5, 16, 'Anonymous', '2023-10-27 20:53:16.010470', 'Anonymous', '2023-10-27 20:53:16.010470'),
(17, 'Diesel', 'I saw one of these in Juan de Nova Island and I bought one.', 5, 17, 'Anonymous', '2023-10-27 20:53:16.010516', 'Anonymous', '2023-10-27 20:53:16.010516'),
(18, 'Electric', 'My locust loves to play with it.', 5, 18, 'Anonymous', '2023-10-27 20:53:16.010519', 'Anonymous', '2023-10-27 20:53:16.010519'),
(19, 'Diesel', 'I tried to annihilate it but got bonbon all over it.', 4, 19, 'Anonymous', '2023-10-27 20:53:16.010522', 'Anonymous', '2023-10-27 20:53:16.010522'),
(20, 'Gasoline', 'heard about this on Kansas City jazz radio, decided to give it a try.', 4, 20, 'Anonymous', '2023-10-27 20:53:16.010526', 'Anonymous', '2023-10-27 20:53:16.010526'),
(21, 'Gasoline', 'My co-worker Mohamed has one of these. He says it looks brown.', 5, 21, 'Anonymous', '2023-10-27 20:53:16.010540', 'Anonymous', '2023-10-27 20:53:16.010540'),
(22, 'Hybrid', 'My co-worker Fate has one of these. He says it looks tall.', 5, 22, 'Anonymous', '2023-10-27 20:53:16.010561', 'Anonymous', '2023-10-27 20:53:16.010561'),
(23, 'Electric', 'one of my hobbies is poetry. and when i\'m writing poems this works great.', 5, 23, 'Anonymous', '2023-10-27 20:53:16.010564', 'Anonymous', '2023-10-27 20:53:16.010564'),
(24, 'Gasoline', 'My bass loves to play with it.', 4, 24, 'Anonymous', '2023-10-27 20:53:16.010566', 'Anonymous', '2023-10-27 20:53:16.010567'),
(25, 'Gasoline', 'This product works quite well. It professionally improves my soccer by a lot.', 5, 25, 'Anonymous', '2023-10-27 20:53:16.010569', 'Anonymous', '2023-10-27 20:53:16.010569'),
(26, 'Hybrid', 'My neighbor Ardeth has one of these. She works as a gasman and she says it looks fuzzy.', 4, 26, 'Anonymous', '2023-10-27 20:53:16.010573', 'Anonymous', '2023-10-27 20:53:16.010573'),
(27, 'Gasoline', 'I tried to nail it but got strawberry all over it.', 4, 27, 'Anonymous', '2023-10-27 20:53:16.010610', 'Anonymous', '2023-10-27 20:53:16.010610'),
(28, 'Gasoline', 'It only works when I\'m Chad.', 4, 28, 'Anonymous', '2023-10-27 20:53:16.010613', 'Anonymous', '2023-10-27 20:53:16.010614'),
(29, 'Diesel', 'heard about this on chicha radio, decided to give it a try.', 5, 29, 'Anonymous', '2023-10-27 20:53:16.010654', 'Anonymous', '2023-10-27 20:53:16.010654'),
(30, 'Hybrid', 'one of my hobbies is skydiving. and when i\'m skydiving this works great.', 4, 30, 'Anonymous', '2023-10-27 20:53:16.010656', 'Anonymous', '2023-10-27 20:53:16.010656'),
(31, 'Gasoline', 'one of my hobbies is mushroom cultivation. and when i\'m cultivating mushrooms this works great.', 4, 31, 'Anonymous', '2023-10-27 20:53:16.010658', 'Anonymous', '2023-10-27 20:53:16.010658'),
(32, 'Electric', 'this product is hyper.', 5, 32, 'Anonymous', '2023-10-27 20:53:16.010676', 'Anonymous', '2023-10-27 20:53:16.010676'),
(33, 'Gasoline', 'I saw one of these in Saint Lucia and I bought one.', 5, 33, 'Anonymous', '2023-10-27 20:53:16.010678', 'Anonymous', '2023-10-27 20:53:16.010678'),
(34, 'Gasoline', 'I saw one of these in Moldova and I bought one.', 5, 34, 'Anonymous', '2023-10-27 20:53:16.010680', 'Anonymous', '2023-10-27 20:53:16.010680'),
(35, 'Electric', 'heard about this on powerviolence radio, decided to give it a try.', 4, 35, 'Anonymous', '2023-10-27 20:53:16.010690', 'Anonymous', '2023-10-27 20:53:16.010690'),
(36, 'Hybrid', 'My macaroni penguin loves to play with it.', 5, 36, 'Anonymous', '2023-10-27 20:53:16.010692', 'Anonymous', '2023-10-27 20:53:16.010692'),
(37, 'Gasoline', 'i use it until further notice when i\'m in my nightclub.', 5, 37, 'Anonymous', '2023-10-27 20:53:16.010694', 'Anonymous', '2023-10-27 20:53:16.010694'),
(38, 'Hybrid', 'My neighbor Karly has one of these. She works as a gambler and she says it looks tall.', 5, 38, 'Anonymous', '2023-10-27 20:53:16.010716', 'Anonymous', '2023-10-27 20:53:16.010716'),
(39, 'Electric', 'i use it biweekly when i\'m in my greenhouse.', 5, 39, 'Anonymous', '2023-10-27 20:53:16.010739', 'Anonymous', '2023-10-27 20:53:16.010739'),
(40, 'Diesel', 'heard about this on bouyon radio, decided to give it a try.', 4, 40, 'Anonymous', '2023-10-27 20:53:16.010741', 'Anonymous', '2023-10-27 20:53:16.010741'),
(41, 'Gasoline', 'My neighbor Aldona has one of these. She works as a butler and she says it looks humongous.', 4, 41, 'Anonymous', '2023-10-27 20:53:16.010742', 'Anonymous', '2023-10-27 20:53:16.010742'),
(42, 'Diesel', 'The box this comes in is 3 light-year by 5 meter and weights 10 ounce!', 5, 42, 'Anonymous', '2023-10-27 20:53:16.010747', 'Anonymous', '2023-10-27 20:53:16.010748'),
(43, 'Electric', 'heard about this on new jersey hip hop radio, decided to give it a try.', 4, 43, 'Anonymous', '2023-10-27 20:53:16.010752', 'Anonymous', '2023-10-27 20:53:16.010752'),
(44, 'Electric', 'It only works when I\'m South Korea.', 5, 44, 'Anonymous', '2023-10-27 20:53:16.010753', 'Anonymous', '2023-10-27 20:53:16.010753'),
(45, 'Electric', 'My neighbor Fannie has one of these. She works as a teacher and she says it looks spiky.', 5, 45, 'Anonymous', '2023-10-27 20:53:16.010754', 'Anonymous', '2023-10-27 20:53:16.010754'),
(46, 'Electric', 'talk about interest!!', 5, 46, 'Anonymous', '2023-10-27 20:53:16.010756', 'Anonymous', '2023-10-27 20:53:16.010756'),
(47, 'Gasoline', 'talk about hatred.', 4, 47, 'Anonymous', '2023-10-27 20:53:16.010773', 'Anonymous', '2023-10-27 20:53:16.010774'),
(48, 'Electric', 'My neighbor Frona has one of these. She works as a gambler and she says it looks bearded.', 5, 48, 'Anonymous', '2023-10-27 20:53:16.010775', 'Anonymous', '2023-10-27 20:53:16.010775'),
(49, 'Electric', 'this product is amiable.', 4, 49, 'Anonymous', '2023-10-27 20:53:16.010789', 'Anonymous', '2023-10-27 20:53:16.010789'),
(50, 'Diesel', 'one of my hobbies is spearfishing. and when i\'m spearfishing this works great.', 5, 50, 'Anonymous', '2023-10-27 20:53:16.010794', 'Anonymous', '2023-10-27 20:53:16.010794'),
(51, 'Hybrid', 'It only works when I\'m Wake Island.', 4, 51, 'Anonymous', '2023-10-27 20:53:16.010795', 'Anonymous', '2023-10-27 20:53:16.010795'),
(52, 'Gasoline', 'this product is mellow.', 5, 52, 'Anonymous', '2023-10-27 20:53:16.010796', 'Anonymous', '2023-10-27 20:53:16.010796'),
(53, 'Gasoline', 'talk about optimism!!!', 4, 53, 'Anonymous', '2023-10-27 20:53:16.010798', 'Anonymous', '2023-10-27 20:53:16.010798'),
(54, 'Gasoline', 'This product works outstandingly well. It grudgingly improves my baseball by a lot.', 4, 54, 'Anonymous', '2023-10-27 20:53:16.010808', 'Anonymous', '2023-10-27 20:53:16.010808'),
(55, 'Electric', 'heard about this on compas radio, decided to give it a try.', 5, 55, 'Anonymous', '2023-10-27 20:53:16.010809', 'Anonymous', '2023-10-27 20:53:16.010809'),
(56, 'Diesel', 'heard about this on new jersey hip hop radio, decided to give it a try.', 5, 56, 'Anonymous', '2023-10-27 20:53:16.010810', 'Anonymous', '2023-10-27 20:53:16.010810'),
(57, 'Diesel', 'My neighbor Lori has one of these. She works as a taxidermist and she says it looks whopping.', 4, 57, 'Anonymous', '2023-10-27 20:53:16.010814', 'Anonymous', '2023-10-27 20:53:16.010815'),
(58, 'Gasoline', 'The box this comes in is 5 kilometer by 5 inch and weights 13 kilogram!!!', 4, 58, 'Anonymous', '2023-10-27 20:53:16.010816', 'Anonymous', '2023-10-27 20:53:16.010816'),
(59, 'Gasoline', 'My neighbor Montserrat has one of these. She works as a circus performer and she says it looks shriveled.', 5, 59, 'Anonymous', '2023-10-27 20:53:16.010817', 'Anonymous', '2023-10-27 20:53:16.010817'),
(60, 'Diesel', 'The box this comes in is 4 light-year by 5 inch and weights 11 megaton!!', 4, 60, 'Anonymous', '2023-10-27 20:53:16.010818', 'Anonymous', '2023-10-27 20:53:16.010818'),
(61, 'Gasoline', 'this product is dominant.', 5, 61, 'Anonymous', '2023-10-27 20:53:16.010839', 'Anonymous', '2023-10-27 20:53:16.010840'),
(62, 'Hybrid', 'My tiger loves to play with it.', 5, 62, 'Anonymous', '2023-10-27 20:53:16.010841', 'Anonymous', '2023-10-27 20:53:16.010841'),
(63, 'Electric', 'one of my hobbies is skateboarding. and when i\'m skateboarding this works great.', 5, 63, 'Anonymous', '2023-10-27 20:53:16.010853', 'Anonymous', '2023-10-27 20:53:16.010853'),
(64, 'Hybrid', 'It only works when I\'m Wake Island.', 5, 64, 'Anonymous', '2023-10-27 20:53:16.010855', 'Anonymous', '2023-10-27 20:53:16.010855'),
(65, 'Electric', 'heard about this on brazilian radio, decided to give it a try.', 5, 65, 'Anonymous', '2023-10-27 20:53:16.010856', 'Anonymous', '2023-10-27 20:53:16.010856'),
(66, 'Electric', 'It only works when I\'m Niger.', 4, 66, 'Anonymous', '2023-10-27 20:53:16.010858', 'Anonymous', '2023-10-27 20:53:16.010858'),
(67, 'Electric', 'I tried to pinch it but got peanut all over it.', 5, 67, 'Anonymous', '2023-10-27 20:53:16.010901', 'Anonymous', '2023-10-27 20:53:16.010902'),
(68, 'Diesel', 'I saw one of these in Algeria and I bought one.', 5, 68, 'Anonymous', '2023-10-27 20:53:16.010947', 'Anonymous', '2023-10-27 20:53:16.010947'),
(69, 'Hybrid', 'I tried to impale it but got fudge all over it.', 5, 69, 'Anonymous', '2023-10-27 20:53:16.010948', 'Anonymous', '2023-10-27 20:53:16.010948'),
(70, 'Electric', 'My co-worker Bryton has one of these. He says it looks ragged.', 4, 70, 'Anonymous', '2023-10-27 20:53:16.010949', 'Anonymous', '2023-10-27 20:53:16.010949'),
(71, 'Diesel', 'My co-worker Nile has one of these. He says it looks crooked.', 5, 71, 'Anonymous', '2023-10-27 20:53:16.010950', 'Anonymous', '2023-10-27 20:53:16.010950'),
(72, 'Electric', 'The box this comes in is 5 inch by 6 mile and weights 15 ton!!', 4, 72, 'Anonymous', '2023-10-27 20:53:16.010951', 'Anonymous', '2023-10-27 20:53:16.010951'),
(73, 'Hybrid', 'this product is papery.', 4, 73, 'Anonymous', '2023-10-27 20:53:16.010961', 'Anonymous', '2023-10-27 20:53:16.010961'),
(74, 'Electric', 'This product, does exactly what it\'s suppose to do.', 4, 74, 'Anonymous', '2023-10-27 20:53:16.010962', 'Anonymous', '2023-10-27 20:53:16.010962'),
(75, 'Diesel', 'heard about this on brazilian radio, decided to give it a try.', 4, 75, 'Anonymous', '2023-10-27 20:53:16.010963', 'Anonymous', '2023-10-27 20:53:16.010963'),
(76, 'Gasoline', 'The box this comes in is 3 yard by 6 light-year and weights 11 megaton!!', 4, 76, 'Anonymous', '2023-10-27 20:53:16.010997', 'Anonymous', '2023-10-27 20:53:16.010997'),
(77, 'Diesel', 'My co-worker Tyron has one of these. He says it looks stout.', 5, 77, 'Anonymous', '2023-10-27 20:53:16.010999', 'Anonymous', '2023-10-27 20:53:16.010999'),
(78, 'Hybrid', 'My neighbor Alida has one of these. She works as a gambler and she says it looks spotless.', 4, 78, 'Anonymous', '2023-10-27 20:53:16.011000', 'Anonymous', '2023-10-27 20:53:16.011000'),
(79, 'Electric', 'one of my hobbies is gaming. and when i\'m gaming this works great.', 5, 79, 'Anonymous', '2023-10-27 20:53:16.011002', 'Anonymous', '2023-10-27 20:53:16.011002'),
(80, 'Diesel', 'My co-worker Nile has one of these. He says it looks crooked.', 5, 80, 'Anonymous', '2023-10-27 20:53:16.011003', 'Anonymous', '2023-10-27 20:53:16.011004'),
(81, 'Electric', 'My co-worker Kazuo has one of these. He says it looks transparent.', 4, 81, 'Anonymous', '2023-10-27 20:53:16.011016', 'Anonymous', '2023-10-27 20:53:16.011016'),
(82, 'Diesel', 'this product is papery.', 4, 82, 'Anonymous', '2023-10-27 20:53:16.011018', 'Anonymous', '2023-10-27 20:53:16.011018'),
(83, 'Diesel', 'This product works outstandingly well. It grudgingly improves my baseball by a lot.', 4, 83, 'Anonymous', '2023-10-27 20:53:16.011022', 'Anonymous', '2023-10-27 20:53:16.011022'),
(84, 'Electric', 'My co-worker Merwin has one of these. He says it looks bubbly.', 4, 84, 'Anonymous', '2023-10-27 20:53:16.011024', 'Anonymous', '2023-10-27 20:53:16.011024'),
(85, 'Diesel', 'My co-worker Tyron has one of these. He says it looks stout.', 4, 85, 'Anonymous', '2023-10-27 20:53:16.011037', 'Anonymous', '2023-10-27 20:53:16.011037'),
(86, 'Gasoline', 'The box this comes in is 3 kilometer by 5 foot and weights 16 megaton!!!', 4, 86, 'Anonymous', '2023-10-27 20:53:16.011038', 'Anonymous', '2023-10-27 20:53:16.011038'),
(87, 'Electric', 'I saw one of these in Nauru and I bought one.', 5, 87, 'Anonymous', '2023-10-27 20:53:16.011040', 'Anonymous', '2023-10-27 20:53:16.011040'),
(88, 'Electric', 'My bass loves to play with it.', 5, 88, 'Anonymous', '2023-10-27 20:53:16.011051', 'Anonymous', '2023-10-27 20:53:16.011051'),
(89, 'Diesel', 'This product works really well. It wildly improves my baseball by a lot.', 5, 89, 'Anonymous', '2023-10-27 20:53:16.011061', 'Anonymous', '2023-10-27 20:53:16.011061'),
(90, 'Electric', 'this product is mellow.', 5, 90, 'Anonymous', '2023-10-27 20:53:16.011062', 'Anonymous', '2023-10-27 20:53:16.011062'),
(91, 'Gasoline', 'i use it this time when i\'m in my port-a-potty.', 5, 91, 'Anonymous', '2023-10-27 20:53:16.011063', 'Anonymous', '2023-10-27 20:53:16.011063'),
(92, 'Diesel', 'This product works very well. It romantically improves my football by a lot.', 4, 92, 'Anonymous', '2023-10-27 20:53:16.011069', 'Anonymous', '2023-10-27 20:53:16.011069'),
(93, 'Gasoline', 'This product works certainly well. It excitedly improves my football by a lot.', 4, 93, 'Anonymous', '2023-10-27 20:53:16.011070', 'Anonymous', '2023-10-27 20:53:16.011070'),
(94, 'Hybrid', 'talk about remorse!!!', 5, 94, 'Anonymous', '2023-10-27 20:53:16.011071', 'Anonymous', '2023-10-27 20:53:16.011071'),
(95, 'Gasoline', 'I tried to attack it but got meatball all over it.', 5, 95, 'Anonymous', '2023-10-27 20:53:16.011072', 'Anonymous', '2023-10-27 20:53:16.011072'),
(96, 'Electric', 'heard about this on mbube radio, decided to give it a try.', 5, 96, 'Anonymous', '2023-10-27 20:53:16.011079', 'Anonymous', '2023-10-27 20:53:16.011080'),
(97, 'Hybrid', 'this product is hyper.', 5, 97, 'Anonymous', '2023-10-27 20:53:16.011081', 'Anonymous', '2023-10-27 20:53:16.011081'),
(98, 'Electric', 'The box this comes in is 4 mile by 5 inch and weights 19 megaton!', 5, 98, 'Anonymous', '2023-10-27 20:53:16.011082', 'Anonymous', '2023-10-27 20:53:16.011083');

-- --------------------------------------------------------

--
-- Cấu trúc bảng cho bảng `roomtypegroupfacilities`
--

CREATE TABLE `roomtypegroupfacilities` (
  `Id` int(11) NOT NULL,
  `Available` tinyint(1) NOT NULL,
  `FacilityId` int(11) NOT NULL,
  `RoomTypeGroupId` int(11) NOT NULL
) ENGINE=InnoDB DEFAULT CHARSET=utf8mb4 COLLATE=utf8mb4_general_ci;

--
-- Đang đổ dữ liệu cho bảng `roomtypegroupfacilities`
--

INSERT INTO `roomtypegroupfacilities` (`Id`, `Available`, `FacilityId`, `RoomTypeGroupId`) VALUES
(1, 1, 87, 1),
(2, 1, 88, 2),
(3, 1, 89, 2),
(4, 1, 65, 3),
(5, 1, 94, 3),
(6, 1, 80, 3),
(7, 1, 97, 4),
(8, 1, 62, 4),
(9, 1, 105, 5),
(10, 1, 75, 5),
(11, 1, 107, 5),
(12, 1, 81, 5),
(13, 1, 60, 6),
(14, 1, 111, 6),
(15, 1, 112, 6),
(16, 1, 113, 6),
(17, 1, 83, 7),
(18, 1, 49, 8),
(19, 1, 64, 8),
(20, 1, 122, 8),
(21, 1, 123, 8),
(22, 1, 87, 9),
(23, 1, 88, 10),
(24, 1, 89, 10),
(25, 1, 68, 10),
(26, 1, 74, 10),
(27, 1, 65, 11),
(28, 1, 97, 12),
(29, 1, 105, 13),
(30, 1, 75, 13),
(31, 1, 107, 13),
(32, 1, 60, 14),
(33, 1, 83, 15),
(34, 1, 49, 16),
(35, 1, 64, 16),
(36, 1, 122, 16),
(37, 1, 123, 16),
(38, 1, 87, 17),
(39, 1, 88, 18),
(40, 1, 89, 18),
(41, 1, 68, 18),
(42, 1, 65, 19),
(43, 1, 94, 19),
(44, 1, 97, 20),
(45, 1, 105, 21),
(46, 1, 75, 21),
(47, 1, 107, 21),
(48, 1, 81, 21),
(49, 1, 60, 22),
(50, 1, 83, 23),
(51, 1, 49, 24),
(52, 1, 64, 24),
(53, 1, 122, 24),
(54, 1, 87, 25),
(55, 1, 88, 26),
(56, 1, 65, 27),
(57, 1, 94, 27),
(58, 1, 80, 27),
(59, 1, 97, 28),
(60, 1, 62, 28),
(61, 1, 99, 28),
(62, 1, 105, 29),
(63, 1, 75, 29),
(64, 1, 107, 29),
(65, 1, 60, 30),
(66, 1, 111, 30),
(67, 1, 112, 30),
(68, 1, 113, 30),
(69, 1, 83, 31),
(70, 1, 49, 32),
(71, 1, 64, 32),
(72, 1, 87, 33),
(73, 1, 88, 34),
(74, 1, 65, 35),
(75, 1, 94, 35),
(76, 1, 80, 35),
(77, 1, 6, 35),
(78, 1, 97, 36),
(79, 1, 62, 36),
(80, 1, 105, 37),
(81, 1, 60, 38),
(82, 1, 83, 39),
(83, 1, 49, 40),
(84, 1, 64, 40),
(85, 1, 122, 40),
(86, 1, 87, 41),
(87, 1, 88, 42),
(88, 1, 65, 43),
(89, 1, 94, 43),
(90, 1, 80, 43),
(91, 1, 97, 44),
(92, 1, 62, 44),
(93, 1, 99, 44),
(94, 1, 66, 44),
(95, 1, 105, 45),
(96, 1, 75, 45),
(97, 1, 107, 45),
(98, 1, 81, 45),
(99, 1, 60, 46),
(100, 1, 111, 46),
(101, 1, 112, 46),
(102, 1, 113, 46),
(103, 1, 83, 47),
(104, 1, 49, 48),
(105, 1, 64, 48),
(106, 1, 122, 48),
(107, 1, 87, 49),
(108, 1, 88, 50),
(109, 1, 89, 50),
(110, 1, 68, 50),
(111, 1, 74, 50),
(112, 1, 65, 51),
(113, 1, 94, 51),
(114, 1, 97, 52),
(115, 1, 62, 52),
(116, 1, 99, 52),
(117, 1, 66, 52),
(118, 1, 105, 53),
(119, 1, 75, 53),
(120, 1, 107, 53),
(121, 1, 81, 53),
(122, 1, 60, 54),
(123, 1, 111, 54),
(124, 1, 112, 54),
(125, 1, 113, 54),
(126, 1, 83, 55),
(127, 1, 49, 56),
(128, 1, 64, 56),
(129, 1, 122, 56),
(130, 1, 87, 57),
(131, 1, 88, 58),
(132, 1, 89, 58),
(133, 1, 68, 58),
(134, 1, 65, 59),
(135, 1, 97, 60),
(136, 1, 105, 61),
(137, 1, 75, 61),
(138, 1, 107, 61),
(139, 1, 60, 62),
(140, 1, 83, 63),
(141, 1, 49, 64),
(142, 1, 87, 65),
(143, 1, 88, 66),
(144, 1, 89, 66),
(145, 1, 65, 67),
(146, 1, 94, 67),
(147, 1, 80, 67),
(148, 1, 6, 67),
(149, 1, 97, 68),
(150, 1, 62, 68),
(151, 1, 105, 69),
(152, 1, 75, 69),
(153, 1, 107, 69),
(154, 1, 81, 69),
(155, 1, 60, 70),
(156, 1, 83, 71),
(157, 1, 49, 72),
(158, 1, 87, 73),
(159, 1, 88, 74),
(160, 1, 89, 74),
(161, 1, 65, 75),
(162, 1, 97, 76),
(163, 1, 62, 76),
(164, 1, 99, 76),
(165, 1, 105, 77),
(166, 1, 75, 77),
(167, 1, 107, 77),
(168, 1, 60, 78),
(169, 1, 83, 79),
(170, 1, 49, 80),
(171, 1, 64, 80),
(172, 1, 87, 81),
(173, 1, 88, 82),
(174, 1, 89, 82),
(175, 1, 65, 83),
(176, 1, 94, 83),
(177, 1, 97, 84),
(178, 1, 62, 84),
(179, 1, 99, 84),
(180, 1, 105, 85),
(181, 1, 75, 85),
(182, 1, 107, 85),
(183, 1, 81, 85),
(184, 1, 60, 86),
(185, 1, 111, 86),
(186, 1, 83, 87),
(187, 1, 49, 88),
(188, 1, 64, 88),
(189, 1, 122, 88),
(190, 1, 123, 88),
(191, 1, 87, 89),
(192, 1, 88, 90),
(193, 1, 89, 90),
(194, 1, 68, 90),
(195, 1, 74, 90),
(196, 1, 65, 91),
(197, 1, 97, 92),
(198, 1, 62, 92),
(199, 1, 105, 93),
(200, 1, 75, 93),
(201, 1, 60, 94),
(202, 1, 83, 95),
(203, 1, 49, 96),
(204, 1, 64, 96),
(205, 1, 87, 97),
(206, 1, 88, 98),
(207, 1, 89, 98),
(208, 1, 68, 98),
(209, 1, 65, 99),
(210, 1, 94, 99),
(211, 1, 80, 99),
(212, 1, 97, 100),
(213, 1, 62, 100),
(214, 1, 105, 101),
(215, 1, 75, 101),
(216, 1, 60, 102),
(217, 1, 111, 102),
(218, 1, 112, 102),
(219, 1, 113, 102),
(220, 1, 83, 103),
(221, 1, 49, 104),
(222, 1, 64, 104),
(223, 1, 87, 105),
(224, 1, 88, 106),
(225, 1, 65, 107),
(226, 1, 94, 107),
(227, 1, 80, 107),
(228, 1, 97, 108),
(229, 1, 62, 108),
(230, 1, 105, 109),
(231, 1, 75, 109),
(232, 1, 107, 109),
(233, 1, 60, 110),
(234, 1, 111, 110),
(235, 1, 112, 110),
(236, 1, 83, 111),
(237, 1, 49, 112),
(238, 1, 64, 112),
(239, 1, 122, 112),
(240, 1, 87, 113),
(241, 1, 88, 114),
(242, 1, 89, 114),
(243, 1, 68, 114),
(244, 1, 65, 115),
(245, 1, 97, 116),
(246, 1, 105, 117),
(247, 1, 75, 117),
(248, 1, 107, 117),
(249, 1, 60, 118),
(250, 1, 83, 119),
(251, 1, 49, 120),
(252, 1, 64, 120),
(253, 1, 122, 120),
(254, 1, 123, 120),
(255, 1, 87, 121),
(256, 1, 88, 122),
(257, 1, 89, 122),
(258, 1, 68, 122),
(259, 1, 74, 122),
(260, 1, 65, 123),
(261, 1, 94, 123),
(262, 1, 80, 123),
(263, 1, 97, 124),
(264, 1, 62, 124),
(265, 1, 99, 124),
(266, 1, 66, 124),
(267, 1, 105, 125),
(268, 1, 60, 126),
(269, 1, 83, 127),
(270, 1, 49, 128),
(271, 1, 87, 129),
(272, 1, 88, 130),
(273, 1, 89, 130),
(274, 1, 68, 130),
(275, 1, 65, 131),
(276, 1, 94, 131),
(277, 1, 80, 131),
(278, 1, 97, 132),
(279, 1, 62, 132),
(280, 1, 99, 132),
(281, 1, 66, 132),
(282, 1, 105, 133),
(283, 1, 75, 133),
(284, 1, 107, 133),
(285, 1, 81, 133),
(286, 1, 60, 134),
(287, 1, 111, 134),
(288, 1, 83, 135),
(289, 1, 49, 136),
(290, 1, 64, 136),
(291, 1, 122, 136),
(292, 1, 87, 137),
(293, 1, 88, 138),
(294, 1, 89, 138),
(295, 1, 68, 138),
(296, 1, 74, 138),
(297, 1, 65, 139),
(298, 1, 94, 139),
(299, 1, 80, 139),
(300, 1, 6, 139),
(301, 1, 97, 140),
(302, 1, 62, 140),
(303, 1, 99, 140),
(304, 1, 105, 141),
(305, 1, 75, 141),
(306, 1, 60, 142),
(307, 1, 83, 143),
(308, 1, 49, 144),
(309, 1, 64, 144),
(310, 1, 122, 144),
(311, 1, 87, 145),
(312, 1, 88, 146),
(313, 1, 65, 147),
(314, 1, 94, 147),
(315, 1, 80, 147),
(316, 1, 6, 147),
(317, 1, 97, 148),
(318, 1, 105, 149),
(319, 1, 75, 149),
(320, 1, 60, 150),
(321, 1, 83, 151),
(322, 1, 49, 152),
(323, 1, 64, 152),
(324, 1, 122, 152),
(325, 1, 87, 153),
(326, 1, 88, 154),
(327, 1, 65, 155),
(328, 1, 94, 155),
(329, 1, 97, 156),
(330, 1, 105, 157),
(331, 1, 60, 158),
(332, 1, 111, 158),
(333, 1, 112, 158),
(334, 1, 83, 159),
(335, 1, 49, 160),
(336, 1, 87, 161),
(337, 1, 88, 162),
(338, 1, 89, 162),
(339, 1, 68, 162),
(340, 1, 65, 163),
(341, 1, 94, 163),
(342, 1, 80, 163),
(343, 1, 6, 163),
(344, 1, 97, 164),
(345, 1, 62, 164),
(346, 1, 99, 164),
(347, 1, 66, 164),
(348, 1, 105, 165),
(349, 1, 60, 166),
(350, 1, 111, 166),
(351, 1, 112, 166),
(352, 1, 83, 167),
(353, 1, 49, 168),
(354, 1, 87, 169),
(355, 1, 88, 170),
(356, 1, 65, 171),
(357, 1, 94, 171),
(358, 1, 97, 172),
(359, 1, 62, 172),
(360, 1, 105, 173),
(361, 1, 75, 173),
(362, 1, 60, 174),
(363, 1, 83, 175),
(364, 1, 49, 176),
(365, 1, 64, 176),
(366, 1, 122, 176),
(367, 1, 123, 176),
(368, 1, 87, 177),
(369, 1, 88, 178),
(370, 1, 65, 179),
(371, 1, 97, 180),
(372, 1, 105, 181),
(373, 1, 75, 181),
(374, 1, 60, 182),
(375, 1, 83, 183),
(376, 1, 49, 184),
(377, 1, 64, 184),
(378, 1, 87, 185),
(379, 1, 88, 186),
(380, 1, 89, 186),
(381, 1, 68, 186),
(382, 1, 65, 187),
(383, 1, 94, 187),
(384, 1, 97, 188),
(385, 1, 62, 188),
(386, 1, 105, 189),
(387, 1, 75, 189),
(388, 1, 107, 189),
(389, 1, 60, 190),
(390, 1, 83, 191),
(391, 1, 49, 192),
(392, 1, 64, 192),
(393, 1, 87, 193),
(394, 1, 88, 194),
(395, 1, 65, 195),
(396, 1, 97, 196),
(397, 1, 62, 196),
(398, 1, 99, 196),
(399, 1, 105, 197),
(400, 1, 60, 198),
(401, 1, 111, 198),
(402, 1, 83, 199),
(403, 1, 49, 200),
(404, 1, 87, 201),
(405, 1, 88, 202),
(406, 1, 89, 202),
(407, 1, 68, 202),
(408, 1, 65, 203),
(409, 1, 97, 204),
(410, 1, 62, 204),
(411, 1, 99, 204),
(412, 1, 105, 205),
(413, 1, 75, 205),
(414, 1, 60, 206),
(415, 1, 111, 206),
(416, 1, 112, 206),
(417, 1, 113, 206),
(418, 1, 83, 207),
(419, 1, 49, 208),
(420, 1, 64, 208),
(421, 1, 122, 208),
(422, 1, 123, 208),
(423, 1, 87, 209),
(424, 1, 88, 210),
(425, 1, 89, 210),
(426, 1, 68, 210),
(427, 1, 65, 211),
(428, 1, 94, 211),
(429, 1, 80, 211),
(430, 1, 6, 211),
(431, 1, 97, 212),
(432, 1, 62, 212),
(433, 1, 105, 213),
(434, 1, 75, 213),
(435, 1, 107, 213),
(436, 1, 81, 213),
(437, 1, 60, 214),
(438, 1, 83, 215),
(439, 1, 49, 216),
(440, 1, 64, 216),
(441, 1, 87, 217),
(442, 1, 88, 218),
(443, 1, 89, 218),
(444, 1, 68, 218),
(445, 1, 74, 218),
(446, 1, 65, 219),
(447, 1, 97, 220),
(448, 1, 105, 221),
(449, 1, 60, 222),
(450, 1, 111, 222),
(451, 1, 112, 222),
(452, 1, 83, 223),
(453, 1, 49, 224),
(454, 1, 64, 224),
(455, 1, 87, 225),
(456, 1, 88, 226),
(457, 1, 89, 226),
(458, 1, 68, 226),
(459, 1, 74, 226),
(460, 1, 65, 227),
(461, 1, 94, 227),
(462, 1, 80, 227),
(463, 1, 97, 228),
(464, 1, 62, 228),
(465, 1, 99, 228),
(466, 1, 66, 228),
(467, 1, 105, 229),
(468, 1, 75, 229),
(469, 1, 60, 230),
(470, 1, 111, 230),
(471, 1, 112, 230),
(472, 1, 113, 230),
(473, 1, 83, 231),
(474, 1, 49, 232),
(475, 1, 64, 232),
(476, 1, 87, 233),
(477, 1, 88, 234),
(478, 1, 89, 234),
(479, 1, 68, 234),
(480, 1, 74, 234),
(481, 1, 65, 235),
(482, 1, 94, 235),
(483, 1, 80, 235),
(484, 1, 97, 236),
(485, 1, 62, 236),
(486, 1, 99, 236),
(487, 1, 66, 236),
(488, 1, 105, 237),
(489, 1, 75, 237),
(490, 1, 107, 237),
(491, 1, 81, 237),
(492, 1, 60, 238),
(493, 1, 83, 239),
(494, 1, 49, 240),
(495, 1, 64, 240),
(496, 1, 87, 241),
(497, 1, 88, 242),
(498, 1, 89, 242),
(499, 1, 65, 243),
(500, 1, 94, 243),
(501, 1, 80, 243),
(502, 1, 6, 243),
(503, 1, 97, 244),
(504, 1, 62, 244),
(505, 1, 99, 244),
(506, 1, 66, 244),
(507, 1, 105, 245),
(508, 1, 75, 245),
(509, 1, 60, 246),
(510, 1, 111, 246),
(511, 1, 83, 247),
(512, 1, 49, 248),
(513, 1, 64, 248),
(514, 1, 122, 248),
(515, 1, 123, 248),
(516, 1, 87, 249),
(517, 1, 88, 250),
(518, 1, 89, 250),
(519, 1, 65, 251),
(520, 1, 94, 251),
(521, 1, 80, 251),
(522, 1, 97, 252),
(523, 1, 62, 252),
(524, 1, 105, 253),
(525, 1, 75, 253),
(526, 1, 107, 253),
(527, 1, 81, 253),
(528, 1, 60, 254),
(529, 1, 111, 254),
(530, 1, 83, 255),
(531, 1, 49, 256),
(532, 1, 64, 256),
(533, 1, 87, 257),
(534, 1, 88, 258),
(535, 1, 89, 258),
(536, 1, 68, 258),
(537, 1, 74, 258),
(538, 1, 65, 259),
(539, 1, 94, 259),
(540, 1, 97, 260),
(541, 1, 105, 261),
(542, 1, 75, 261),
(543, 1, 107, 261),
(544, 1, 81, 261),
(545, 1, 60, 262),
(546, 1, 111, 262),
(547, 1, 112, 262),
(548, 1, 113, 262),
(549, 1, 83, 263),
(550, 1, 49, 264),
(551, 1, 64, 264),
(552, 1, 122, 264),
(553, 1, 123, 264),
(554, 1, 87, 265),
(555, 1, 88, 266),
(556, 1, 89, 266),
(557, 1, 65, 267),
(558, 1, 94, 267),
(559, 1, 80, 267),
(560, 1, 97, 268),
(561, 1, 62, 268),
(562, 1, 99, 268),
(563, 1, 105, 269),
(564, 1, 75, 269),
(565, 1, 60, 270),
(566, 1, 111, 270),
(567, 1, 83, 271),
(568, 1, 49, 272),
(569, 1, 87, 273),
(570, 1, 88, 274),
(571, 1, 89, 274),
(572, 1, 68, 274),
(573, 1, 65, 275),
(574, 1, 94, 275),
(575, 1, 80, 275),
(576, 1, 6, 275),
(577, 1, 97, 276),
(578, 1, 105, 277),
(579, 1, 60, 278),
(580, 1, 111, 278),
(581, 1, 112, 278),
(582, 1, 113, 278),
(583, 1, 83, 279),
(584, 1, 49, 280),
(585, 1, 64, 280),
(586, 1, 122, 280),
(587, 1, 123, 280),
(588, 1, 87, 281),
(589, 1, 88, 282),
(590, 1, 89, 282),
(591, 1, 65, 283),
(592, 1, 97, 284),
(593, 1, 62, 284),
(594, 1, 99, 284),
(595, 1, 105, 285),
(596, 1, 75, 285),
(597, 1, 60, 286),
(598, 1, 83, 287),
(599, 1, 49, 288),
(600, 1, 87, 289),
(601, 1, 88, 290),
(602, 1, 65, 291),
(603, 1, 94, 291),
(604, 1, 80, 291),
(605, 1, 97, 292),
(606, 1, 105, 293),
(607, 1, 75, 293),
(608, 1, 107, 293),
(609, 1, 81, 293),
(610, 1, 60, 294),
(611, 1, 111, 294),
(612, 1, 83, 295),
(613, 1, 49, 296),
(614, 1, 87, 297),
(615, 1, 88, 298),
(616, 1, 89, 298),
(617, 1, 68, 298),
(618, 1, 65, 299),
(619, 1, 94, 299),
(620, 1, 97, 300),
(621, 1, 62, 300),
(622, 1, 99, 300),
(623, 1, 66, 300),
(624, 1, 105, 301),
(625, 1, 75, 301),
(626, 1, 107, 301),
(627, 1, 81, 301),
(628, 1, 60, 302),
(629, 1, 111, 302),
(630, 1, 83, 303),
(631, 1, 49, 304),
(632, 1, 87, 305),
(633, 1, 88, 306),
(634, 1, 65, 307),
(635, 1, 94, 307),
(636, 1, 80, 307),
(637, 1, 6, 307),
(638, 1, 97, 308),
(639, 1, 62, 308),
(640, 1, 105, 309),
(641, 1, 75, 309),
(642, 1, 107, 309),
(643, 1, 60, 310),
(644, 1, 111, 310),
(645, 1, 112, 310),
(646, 1, 83, 311),
(647, 1, 49, 312),
(648, 1, 64, 312),
(649, 1, 122, 312),
(650, 1, 87, 313),
(651, 1, 88, 314),
(652, 1, 89, 314),
(653, 1, 68, 314),
(654, 1, 65, 315),
(655, 1, 97, 316),
(656, 1, 62, 316),
(657, 1, 105, 317),
(658, 1, 75, 317),
(659, 1, 107, 317),
(660, 1, 60, 318),
(661, 1, 111, 318),
(662, 1, 83, 319),
(663, 1, 49, 320),
(664, 1, 87, 321),
(665, 1, 88, 322),
(666, 1, 89, 322),
(667, 1, 68, 322),
(668, 1, 74, 322),
(669, 1, 65, 323),
(670, 1, 97, 324),
(671, 1, 62, 324),
(672, 1, 105, 325),
(673, 1, 75, 325),
(674, 1, 107, 325),
(675, 1, 60, 326),
(676, 1, 111, 326),
(677, 1, 112, 326),
(678, 1, 113, 326),
(679, 1, 83, 327),
(680, 1, 49, 328),
(681, 1, 64, 328),
(682, 1, 122, 328);

-- --------------------------------------------------------

--
-- Cấu trúc bảng cho bảng `roomtypegroups`
--

CREATE TABLE `roomtypegroups` (
  `Id` int(11) NOT NULL,
  `GroupId` int(11) NOT NULL,
  `RoomTypeId` int(11) NOT NULL
) ENGINE=InnoDB DEFAULT CHARSET=utf8mb4 COLLATE=utf8mb4_general_ci;

--
-- Đang đổ dữ liệu cho bảng `roomtypegroups`
--

INSERT INTO `roomtypegroups` (`Id`, `GroupId`, `RoomTypeId`) VALUES
(1, 12, 1),
(2, 13, 1),
(3, 14, 1),
(4, 15, 1),
(5, 6, 1),
(6, 17, 1),
(7, 18, 1),
(8, 19, 1),
(9, 12, 2),
(10, 13, 2),
(11, 14, 2),
(12, 15, 2),
(13, 6, 2),
(14, 17, 2),
(15, 18, 2),
(16, 19, 2),
(17, 12, 3),
(18, 13, 3),
(19, 14, 3),
(20, 15, 3),
(21, 6, 3),
(22, 17, 3),
(23, 18, 3),
(24, 19, 3),
(25, 12, 4),
(26, 13, 4),
(27, 14, 4),
(28, 15, 4),
(29, 6, 4),
(30, 17, 4),
(31, 18, 4),
(32, 19, 4),
(33, 12, 5),
(34, 13, 5),
(35, 14, 5),
(36, 15, 5),
(37, 6, 5),
(38, 17, 5),
(39, 18, 5),
(40, 19, 5),
(41, 12, 6),
(42, 13, 6),
(43, 14, 6),
(44, 15, 6),
(45, 6, 6),
(46, 17, 6),
(47, 18, 6),
(48, 19, 6),
(49, 12, 7),
(50, 13, 7),
(51, 14, 7),
(52, 15, 7),
(53, 6, 7),
(54, 17, 7),
(55, 18, 7),
(56, 19, 7),
(57, 12, 8),
(58, 13, 8),
(59, 14, 8),
(60, 15, 8),
(61, 6, 8),
(62, 17, 8),
(63, 18, 8),
(64, 19, 8),
(65, 12, 9),
(66, 13, 9),
(67, 14, 9),
(68, 15, 9),
(69, 6, 9),
(70, 17, 9),
(71, 18, 9),
(72, 19, 9),
(73, 12, 10),
(74, 13, 10),
(75, 14, 10),
(76, 15, 10),
(77, 6, 10),
(78, 17, 10),
(79, 18, 10),
(80, 19, 10),
(81, 12, 11),
(82, 13, 11),
(83, 14, 11),
(84, 15, 11),
(85, 6, 11),
(86, 17, 11),
(87, 18, 11),
(88, 19, 11),
(89, 12, 12),
(90, 13, 12),
(91, 14, 12),
(92, 15, 12),
(93, 6, 12),
(94, 17, 12),
(95, 18, 12),
(96, 19, 12),
(97, 12, 13),
(98, 13, 13),
(99, 14, 13),
(100, 15, 13),
(101, 6, 13),
(102, 17, 13),
(103, 18, 13),
(104, 19, 13),
(105, 12, 14),
(106, 13, 14),
(107, 14, 14),
(108, 15, 14),
(109, 6, 14),
(110, 17, 14),
(111, 18, 14),
(112, 19, 14),
(113, 12, 15),
(114, 13, 15),
(115, 14, 15),
(116, 15, 15),
(117, 6, 15),
(118, 17, 15),
(119, 18, 15),
(120, 19, 15),
(121, 12, 16),
(122, 13, 16),
(123, 14, 16),
(124, 15, 16),
(125, 6, 16),
(126, 17, 16),
(127, 18, 16),
(128, 19, 16),
(129, 12, 17),
(130, 13, 17),
(131, 14, 17),
(132, 15, 17),
(133, 6, 17),
(134, 17, 17),
(135, 18, 17),
(136, 19, 17),
(137, 12, 18),
(138, 13, 18),
(139, 14, 18),
(140, 15, 18),
(141, 6, 18),
(142, 17, 18),
(143, 18, 18),
(144, 19, 18),
(145, 12, 19),
(146, 13, 19),
(147, 14, 19),
(148, 15, 19),
(149, 6, 19),
(150, 17, 19),
(151, 18, 19),
(152, 19, 19),
(153, 12, 20),
(154, 13, 20),
(155, 14, 20),
(156, 15, 20),
(157, 6, 20),
(158, 17, 20),
(159, 18, 20),
(160, 19, 20),
(161, 12, 21),
(162, 13, 21),
(163, 14, 21),
(164, 15, 21),
(165, 6, 21),
(166, 17, 21),
(167, 18, 21),
(168, 19, 21),
(169, 12, 22),
(170, 13, 22),
(171, 14, 22),
(172, 15, 22),
(173, 6, 22),
(174, 17, 22),
(175, 18, 22),
(176, 19, 22),
(177, 12, 23),
(178, 13, 23),
(179, 14, 23),
(180, 15, 23),
(181, 6, 23),
(182, 17, 23),
(183, 18, 23),
(184, 19, 23),
(185, 12, 24),
(186, 13, 24),
(187, 14, 24),
(188, 15, 24),
(189, 6, 24),
(190, 17, 24),
(191, 18, 24),
(192, 19, 24),
(193, 12, 25),
(194, 13, 25),
(195, 14, 25),
(196, 15, 25),
(197, 6, 25),
(198, 17, 25),
(199, 18, 25),
(200, 19, 25),
(201, 12, 26),
(202, 13, 26),
(203, 14, 26),
(204, 15, 26),
(205, 6, 26),
(206, 17, 26),
(207, 18, 26),
(208, 19, 26),
(209, 12, 27),
(210, 13, 27),
(211, 14, 27),
(212, 15, 27),
(213, 6, 27),
(214, 17, 27),
(215, 18, 27),
(216, 19, 27),
(217, 12, 28),
(218, 13, 28),
(219, 14, 28),
(220, 15, 28),
(221, 6, 28),
(222, 17, 28),
(223, 18, 28),
(224, 19, 28),
(225, 12, 29),
(226, 13, 29),
(227, 14, 29),
(228, 15, 29),
(229, 6, 29),
(230, 17, 29),
(231, 18, 29),
(232, 19, 29),
(233, 12, 30),
(234, 13, 30),
(235, 14, 30),
(236, 15, 30),
(237, 6, 30),
(238, 17, 30),
(239, 18, 30),
(240, 19, 30),
(241, 12, 31),
(242, 13, 31),
(243, 14, 31),
(244, 15, 31),
(245, 6, 31),
(246, 17, 31),
(247, 18, 31),
(248, 19, 31),
(249, 12, 32),
(250, 13, 32),
(251, 14, 32),
(252, 15, 32),
(253, 6, 32),
(254, 17, 32),
(255, 18, 32),
(256, 19, 32),
(257, 12, 33),
(258, 13, 33),
(259, 14, 33),
(260, 15, 33),
(261, 6, 33),
(262, 17, 33),
(263, 18, 33),
(264, 19, 33),
(265, 12, 34),
(266, 13, 34),
(267, 14, 34),
(268, 15, 34),
(269, 6, 34),
(270, 17, 34),
(271, 18, 34),
(272, 19, 34),
(273, 12, 35),
(274, 13, 35),
(275, 14, 35),
(276, 15, 35),
(277, 6, 35),
(278, 17, 35),
(279, 18, 35),
(280, 19, 35),
(281, 12, 36),
(282, 13, 36),
(283, 14, 36),
(284, 15, 36),
(285, 6, 36),
(286, 17, 36),
(287, 18, 36),
(288, 19, 36),
(289, 12, 37),
(290, 13, 37),
(291, 14, 37),
(292, 15, 37),
(293, 6, 37),
(294, 17, 37),
(295, 18, 37),
(296, 19, 37),
(297, 12, 38),
(298, 13, 38),
(299, 14, 38),
(300, 15, 38),
(301, 6, 38),
(302, 17, 38),
(303, 18, 38),
(304, 19, 38),
(305, 12, 39),
(306, 13, 39),
(307, 14, 39),
(308, 15, 39),
(309, 6, 39),
(310, 17, 39),
(311, 18, 39),
(312, 19, 39),
(313, 12, 40),
(314, 13, 40),
(315, 14, 40),
(316, 15, 40),
(317, 6, 40),
(318, 17, 40),
(319, 18, 40),
(320, 19, 40),
(321, 12, 41),
(322, 13, 41),
(323, 14, 41),
(324, 15, 41),
(325, 6, 41),
(326, 17, 41),
(327, 18, 41),
(328, 19, 41);

-- --------------------------------------------------------

--
-- Cấu trúc bảng cho bảng `roomtypeimages`
--

CREATE TABLE `roomtypeimages` (
  `Id` int(11) NOT NULL,
  `ImageUrl` longtext NOT NULL,
  `RoomTypeId` int(11) NOT NULL
) ENGINE=InnoDB DEFAULT CHARSET=utf8mb4 COLLATE=utf8mb4_general_ci;

--
-- Đang đổ dữ liệu cho bảng `roomtypeimages`
--

INSERT INTO `roomtypeimages` (`Id`, `ImageUrl`, `RoomTypeId`) VALUES
(1, 'https://pix8.agoda.net/property/23997534/331055254/2a77bcb4f340daaa75a3532ebfb3902e.jpg?ca=18&ce=1&s=1024x768', 1),
(2, 'https://pix8.agoda.net/property/24097758/332435610/f2004de60335d546ae83bdf7ddae0360.jpg?ca=18&ce=1&s=1024x768', 1),
(3, 'https://pix8.agoda.net/property/20041001/574085646/d6eabcef90090f5ad59aa3cbca2c3362.jpg?ce=0&s=1024x768', 1),
(4, 'https://pix8.agoda.net/property/20041001/574085646/d6eabcef90090f5ad59aa3cbca2c3362.jpg?ce=0&s=1024x768', 2),
(5, 'https://pix8.agoda.net/property/24097758/332435547/d61871e7b3faa167d046d91e047e4da4.jpg?ca=18&ce=1&s=1024x768', 2),
(6, 'https://pix8.agoda.net/hotelImages/568/5684454/5684454_18081315490067439537.jpg?ca=0&ce=1&s=1024x768', 2),
(7, 'https://pix8.agoda.net/hotelImages/33702680/-1/907a1f968244ff174a2b78aa61db95de.jpg?ce=0&s=512x384', 3),
(8, 'https://pix8.agoda.net/hotelImages/33702680/636502238/44bbec0ab91a6253a3861b69347d6ab0.jpg?ce=0&s=1024x768', 3),
(9, 'https://pix8.agoda.net/hotelImages/151/1517561/1517561_17091213490056242448.jpg?ca=6&ce=1&s=1024x768', 3),
(10, 'https://pix8.agoda.net/property/24097758/332435610/f2004de60335d546ae83bdf7ddae0360.jpg?ca=18&ce=1&s=1024x768', 4),
(11, 'https://pix8.agoda.net/hotelImages/568/5684454/5684454_18081411110067449013.jpg?ca=0&ce=1&s=1024x768', 4),
(12, 'https://pix8.agoda.net/hotelImages/568/5684454/5684454_18081315240067438944.jpg?ca=0&ce=1&s=1024x768', 4),
(13, 'https://pix8.agoda.net/property/23997534/331055254/2a77bcb4f340daaa75a3532ebfb3902e.jpg?ca=18&ce=1&s=1024x768', 5),
(14, 'https://pix8.agoda.net/hotelImages/568/5684454/5684454_18081315240067438946.jpg?ca=0&ce=1&s=1024x768', 5),
(15, 'https://pix8.agoda.net/hotelImages/33702680/636502238/44bbec0ab91a6253a3861b69347d6ab0.jpg?ce=0&s=1024x768', 5),
(16, 'https://pix8.agoda.net/property/23997534/331055254/2a77bcb4f340daaa75a3532ebfb3902e.jpg?ca=18&ce=1&s=1024x768', 6),
(17, 'https://pix8.agoda.net/property/24097758/332435610/f2004de60335d546ae83bdf7ddae0360.jpg?ca=18&ce=1&s=1024x768', 6),
(18, 'https://pix8.agoda.net/property/24097758/332435590/2388e18d609df976afe4a11d1a44fdc8.jpg?ca=18&ce=1&s=1024x768', 6),
(19, 'https://pix8.agoda.net/hotelImages/33702680/636502238/44bbec0ab91a6253a3861b69347d6ab0.jpg?ce=0&s=1024x768', 7),
(20, 'https://pix8.agoda.net/property/24097758/332435610/f2004de60335d546ae83bdf7ddae0360.jpg?ca=18&ce=1&s=1024x768', 7),
(21, 'https://pix8.agoda.net/property/24097758/332435610/f2004de60335d546ae83bdf7ddae0360.jpg?ca=18&ce=1&s=1024x768', 7),
(22, 'https://pix8.agoda.net/hotelImages/151/1517561/1517561_17091213560056242937.jpg?ca=6&ce=1&s=1024x768', 8),
(23, 'https://pix8.agoda.net/hotelImages/5684454/-1/f467f0c4bcce7c2c76a2ac9b06aef9de.jpg?s=1024x768', 8),
(24, 'https://pix8.agoda.net/hotelImages/568/5684454/5684454_18081315240067438944.jpg?ca=0&ce=1&s=1024x768', 8),
(25, 'https://pix8.agoda.net/hotelImages/568/5684454/5684454_18081315240067438944.jpg?ca=0&ce=1&s=1024x768', 9),
(26, 'https://pix8.agoda.net/property/23997534/331055254/2a77bcb4f340daaa75a3532ebfb3902e.jpg?ca=18&ce=1&s=1024x768', 9),
(27, 'https://pix8.agoda.net/hotelImages/568/5684454/5684454_18081315490067439537.jpg?ca=0&ce=1&s=1024x768', 9),
(28, 'https://pix8.agoda.net/property/20041001/574085640/2569a38f011839f5558825b3a34db174.png?ce=0&s=1024x768', 10),
(29, 'https://pix8.agoda.net/property/24097758/332435610/f2004de60335d546ae83bdf7ddae0360.jpg?ca=18&ce=1&s=1024x768', 10),
(30, 'https://pix8.agoda.net/hotelImages/568/5684454/5684454_18081315490067439537.jpg?ca=0&ce=1&s=1024x768', 10),
(31, 'https://pix8.agoda.net/hotelImages/568/5684454/5684454_18081411110067449013.jpg?ca=0&ce=1&s=1024x768', 11),
(32, 'https://pix8.agoda.net/hotelImages/5684454/-1/f467f0c4bcce7c2c76a2ac9b06aef9de.jpg?s=1024x768', 11),
(33, 'https://pix8.agoda.net/property/23997534/331055254/2a77bcb4f340daaa75a3532ebfb3902e.jpg?ca=18&ce=1&s=1024x768', 11),
(34, 'https://pix8.agoda.net/hotelImages/568/5684454/5684454_18081411110067449013.jpg?ca=0&ce=1&s=1024x768', 12),
(35, 'https://pix8.agoda.net/hotelImages/568/5684454/5684454_18081411110067449009.jpg?ca=0&ce=1&s=1024x768', 12),
(36, 'https://pix8.agoda.net/hotelImages/33702680/636503697/01efbad48675e3be3d83cea6300c8bfe.jpg?ce=0&s=1024x768', 12),
(37, 'https://pix8.agoda.net/property/20041001/574085640/2569a38f011839f5558825b3a34db174.png?ce=0&s=1024x768', 13),
(38, 'https://pix8.agoda.net/property/20041001/574085640/2569a38f011839f5558825b3a34db174.png?ce=0&s=1024x768', 13),
(39, 'https://pix8.agoda.net/property/20041001/574085640/2569a38f011839f5558825b3a34db174.png?ce=0&s=1024x768', 13),
(40, 'https://pix8.agoda.net/hotelImages/151/1517561/1517561_17091213560056242937.jpg?ca=6&ce=1&s=1024x768', 14),
(41, 'https://pix8.agoda.net/hotelImages/568/5684454/5684454_18081315490067439537.jpg?ca=0&ce=1&s=1024x768', 14),
(42, 'https://pix8.agoda.net/hotelImages/33702680/636503697/01efbad48675e3be3d83cea6300c8bfe.jpg?ce=0&s=1024x768', 14),
(43, 'https://pix8.agoda.net/hotelImages/1517561/686545159/d0db5732f0bf8598f5c78fe013091517.jpg?ce=0&s=1024x768', 15),
(44, 'https://pix8.agoda.net/property/24097758/332435610/f2004de60335d546ae83bdf7ddae0360.jpg?ca=18&ce=1&s=1024x768', 15),
(45, 'https://pix8.agoda.net/hotelImages/5684454/-1/7d4c1f46f521d53bda479898750a0b4c.jpg?ca=0&ce=1&s=1024x768', 15),
(46, 'https://pix8.agoda.net/hotelImages/501808/-1/2b8237f647373948c6feedac72f3e5ed.jpg?ca=13&ce=1&s=1024x768', 16),
(47, 'https://pix8.agoda.net/property/23997534/331055254/2a77bcb4f340daaa75a3532ebfb3902e.jpg?ca=18&ce=1&s=1024x768', 16),
(48, 'https://pix8.agoda.net/hotelImages/151/1517561/1517561_17091213490056242448.jpg?ca=6&ce=1&s=1024x768', 16),
(49, 'https://pix8.agoda.net/property/20041001/574085646/d6eabcef90090f5ad59aa3cbca2c3362.jpg?ce=0&s=1024x768', 17),
(50, 'https://pix8.agoda.net/property/20041001/574085646/d6eabcef90090f5ad59aa3cbca2c3362.jpg?ce=0&s=1024x768', 17),
(51, 'https://pix8.agoda.net/hotelImages/568/5684454/5684454_18081411110067449013.jpg?ca=0&ce=1&s=1024x768', 17),
(52, 'https://pix8.agoda.net/hotelImages/151/1517561/1517561_17091213490056242448.jpg?ca=6&ce=1&s=1024x768', 18),
(53, 'https://pix8.agoda.net/hotelImages/5684454/-1/f467f0c4bcce7c2c76a2ac9b06aef9de.jpg?s=1024x768', 18),
(54, 'https://pix8.agoda.net/property/24097758/332435610/f2004de60335d546ae83bdf7ddae0360.jpg?ca=18&ce=1&s=1024x768', 18),
(55, 'https://pix8.agoda.net/hotelImages/568/5684454/5684454_18081315490067439537.jpg?ca=0&ce=1&s=1024x768', 19),
(56, 'https://pix8.agoda.net/property/20041001/574085646/d6eabcef90090f5ad59aa3cbca2c3362.jpg?ce=0&s=1024x768', 19),
(57, 'https://pix8.agoda.net/hotelImages/151/1517561/1517561_17091213490056242448.jpg?ca=6&ce=1&s=1024x768', 19),
(58, 'https://pix8.agoda.net/hotelImages/33702680/-1/907a1f968244ff174a2b78aa61db95de.jpg?ce=0&s=512x384', 20),
(59, 'https://pix8.agoda.net/property/24097758/332435610/f2004de60335d546ae83bdf7ddae0360.jpg?ca=18&ce=1&s=1024x768', 20),
(60, 'https://pix8.agoda.net/property/24097758/332435547/d61871e7b3faa167d046d91e047e4da4.jpg?ca=18&ce=1&s=1024x768', 20),
(61, 'https://pix8.agoda.net/property/20041001/574085640/2569a38f011839f5558825b3a34db174.png?ce=0&s=1024x768', 21),
(62, 'https://pix8.agoda.net/hotelImages/568/5684454/5684454_18081411110067449013.jpg?ca=0&ce=1&s=1024x768', 21),
(63, 'https://pix8.agoda.net/hotelImages/151/1517561/1517561_17091213490056242448.jpg?ca=6&ce=1&s=1024x768', 21),
(64, 'https://pix8.agoda.net/property/20041001/574085640/2569a38f011839f5558825b3a34db174.png?ce=0&s=1024x768', 22),
(65, 'https://pix8.agoda.net/hotelImages/568/5684454/5684454_18081411110067449011.jpg?ca=0&ce=1&s=1024x768', 22),
(66, 'https://pix8.agoda.net/property/24097758/332435601/3911431f455a434b0bb31bd46f52c017.jpg?ca=18&ce=1&s=1024x768', 22),
(67, 'https://pix8.agoda.net/property/24097758/332435590/2388e18d609df976afe4a11d1a44fdc8.jpg?ca=18&ce=1&s=1024x768', 23),
(68, 'https://pix8.agoda.net/property/24097758/332435590/2388e18d609df976afe4a11d1a44fdc8.jpg?ca=18&ce=1&s=1024x768', 23),
(69, 'https://pix8.agoda.net/hotelImages/568/5684454/5684454_18081315490067439537.jpg?ca=0&ce=1&s=1024x768', 23),
(70, 'https://pix8.agoda.net/property/20041001/574085646/d6eabcef90090f5ad59aa3cbca2c3362.jpg?ce=0&s=1024x768', 24),
(71, 'https://pix8.agoda.net/hotelImages/33702680/-1/907a1f968244ff174a2b78aa61db95de.jpg?ce=0&s=512x384', 24),
(72, 'https://pix8.agoda.net/hotelImages/33702680/636502238/44bbec0ab91a6253a3861b69347d6ab0.jpg?ce=0&s=1024x768', 24),
(73, 'https://pix8.agoda.net/property/23997534/331055254/2a77bcb4f340daaa75a3532ebfb3902e.jpg?ca=18&ce=1&s=1024x768', 25),
(74, 'https://pix8.agoda.net/property/24097758/332435590/2388e18d609df976afe4a11d1a44fdc8.jpg?ca=18&ce=1&s=1024x768', 25),
(75, 'https://pix8.agoda.net/hotelImages/501808/-1/2b8237f647373948c6feedac72f3e5ed.jpg?ca=13&ce=1&s=1024x768', 25),
(76, 'https://pix8.agoda.net/property/24097758/332435610/f2004de60335d546ae83bdf7ddae0360.jpg?ca=18&ce=1&s=1024x768', 26),
(77, 'https://pix8.agoda.net/hotelImages/568/5684454/5684454_18081411110067449009.jpg?ca=0&ce=1&s=1024x768', 26),
(78, 'https://pix8.agoda.net/hotelImages/568/5684454/5684454_18081411110067449013.jpg?ca=0&ce=1&s=1024x768', 26),
(79, 'https://pix8.agoda.net/property/24097758/332435610/f2004de60335d546ae83bdf7ddae0360.jpg?ca=18&ce=1&s=1024x768', 27),
(80, 'https://pix8.agoda.net/hotelImages/33702680/636502238/44bbec0ab91a6253a3861b69347d6ab0.jpg?ce=0&s=1024x768', 27),
(81, 'https://pix8.agoda.net/property/20041001/574085646/d6eabcef90090f5ad59aa3cbca2c3362.jpg?ce=0&s=1024x768', 27),
(82, 'https://pix8.agoda.net/hotelImages/33702680/-1/907a1f968244ff174a2b78aa61db95de.jpg?ce=0&s=512x384', 28),
(83, 'https://pix8.agoda.net/property/24097758/332435590/2388e18d609df976afe4a11d1a44fdc8.jpg?ca=18&ce=1&s=1024x768', 28),
(84, 'https://pix8.agoda.net/hotelImages/151/1517561/1517561_17091213560056242937.jpg?ca=6&ce=1&s=1024x768', 28),
(85, 'https://pix8.agoda.net/property/24097758/332435590/2388e18d609df976afe4a11d1a44fdc8.jpg?ca=18&ce=1&s=1024x768', 29),
(86, 'https://pix8.agoda.net/property/24097758/332435601/3911431f455a434b0bb31bd46f52c017.jpg?ca=18&ce=1&s=1024x768', 29),
(87, 'https://pix8.agoda.net/property/24097758/332435610/f2004de60335d546ae83bdf7ddae0360.jpg?ca=18&ce=1&s=1024x768', 29),
(88, 'https://pix8.agoda.net/property/24097758/332435610/f2004de60335d546ae83bdf7ddae0360.jpg?ca=18&ce=1&s=1024x768', 30),
(89, 'https://pix8.agoda.net/hotelImages/568/5684454/5684454_18081315490067439537.jpg?ca=0&ce=1&s=1024x768', 30),
(90, 'https://pix8.agoda.net/hotelImages/568/5684454/5684454_18081411110067449009.jpg?ca=0&ce=1&s=1024x768', 30),
(91, 'https://pix8.agoda.net/property/20041001/574085640/2569a38f011839f5558825b3a34db174.png?ce=0&s=1024x768', 31),
(92, 'https://pix8.agoda.net/hotelImages/1517561/686545159/d0db5732f0bf8598f5c78fe013091517.jpg?ce=0&s=1024x768', 31),
(93, 'https://pix8.agoda.net/hotelImages/568/5684454/5684454_18081315490067439537.jpg?ca=0&ce=1&s=1024x768', 31),
(94, 'https://pix8.agoda.net/hotelImages/33702680/-1/907a1f968244ff174a2b78aa61db95de.jpg?ce=0&s=512x384', 32),
(95, 'https://pix8.agoda.net/property/24097758/332435590/2388e18d609df976afe4a11d1a44fdc8.jpg?ca=18&ce=1&s=1024x768', 32),
(96, 'https://pix8.agoda.net/hotelImages/5684454/-1/f467f0c4bcce7c2c76a2ac9b06aef9de.jpg?s=1024x768', 32),
(97, 'https://pix8.agoda.net/hotelImages/5684454/-1/f467f0c4bcce7c2c76a2ac9b06aef9de.jpg?s=1024x768', 33),
(98, 'https://pix8.agoda.net/hotelImages/1517561/686545159/d0db5732f0bf8598f5c78fe013091517.jpg?ce=0&s=1024x768', 33),
(99, 'https://pix8.agoda.net/property/23997534/331055254/2a77bcb4f340daaa75a3532ebfb3902e.jpg?ca=18&ce=1&s=1024x768', 33),
(100, 'https://pix8.agoda.net/hotelImages/568/5684454/5684454_18081315240067438946.jpg?ca=0&ce=1&s=1024x768', 34),
(101, 'https://pix8.agoda.net/hotelImages/33702680/636503697/01efbad48675e3be3d83cea6300c8bfe.jpg?ce=0&s=1024x768', 34),
(102, 'https://pix8.agoda.net/property/24097758/332435547/d61871e7b3faa167d046d91e047e4da4.jpg?ca=18&ce=1&s=1024x768', 34),
(103, 'https://pix8.agoda.net/hotelImages/568/5684454/5684454_18081411110067449011.jpg?ca=0&ce=1&s=1024x768', 35),
(104, 'https://pix8.agoda.net/property/24097758/332435610/f2004de60335d546ae83bdf7ddae0360.jpg?ca=18&ce=1&s=1024x768', 35),
(105, 'https://pix8.agoda.net/property/24097758/332435610/f2004de60335d546ae83bdf7ddae0360.jpg?ca=18&ce=1&s=1024x768', 35),
(106, 'https://pix8.agoda.net/hotelImages/5684454/-1/7d4c1f46f521d53bda479898750a0b4c.jpg?ca=0&ce=1&s=1024x768', 36),
(107, 'https://pix8.agoda.net/hotelImages/151/1517561/1517561_17091213560056242937.jpg?ca=6&ce=1&s=1024x768', 36),
(108, 'https://pix8.agoda.net/property/20041001/574085646/d6eabcef90090f5ad59aa3cbca2c3362.jpg?ce=0&s=1024x768', 36),
(109, 'https://pix8.agoda.net/hotelImages/151/1517561/1517561_17091213560056242937.jpg?ca=6&ce=1&s=1024x768', 37),
(110, 'https://pix8.agoda.net/hotelImages/5684454/-1/7d4c1f46f521d53bda479898750a0b4c.jpg?ca=0&ce=1&s=1024x768', 37),
(111, 'https://pix8.agoda.net/hotelImages/5684454/-1/f467f0c4bcce7c2c76a2ac9b06aef9de.jpg?s=1024x768', 37),
(112, 'https://pix8.agoda.net/hotelImages/151/1517561/1517561_17091213490056242448.jpg?ca=6&ce=1&s=1024x768', 38),
(113, 'https://pix8.agoda.net/property/23997534/331055254/2a77bcb4f340daaa75a3532ebfb3902e.jpg?ca=18&ce=1&s=1024x768', 38),
(114, 'https://pix8.agoda.net/property/20041001/574085640/2569a38f011839f5558825b3a34db174.png?ce=0&s=1024x768', 38),
(115, 'https://pix8.agoda.net/hotelImages/568/5684454/5684454_18081411110067449011.jpg?ca=0&ce=1&s=1024x768', 39),
(116, 'https://pix8.agoda.net/property/24097758/332435610/f2004de60335d546ae83bdf7ddae0360.jpg?ca=18&ce=1&s=1024x768', 39),
(117, 'https://pix8.agoda.net/hotelImages/33702680/-1/907a1f968244ff174a2b78aa61db95de.jpg?ce=0&s=512x384', 39),
(118, 'https://pix8.agoda.net/hotelImages/33702680/636503697/01efbad48675e3be3d83cea6300c8bfe.jpg?ce=0&s=1024x768', 40),
(119, 'https://pix8.agoda.net/hotelImages/1517561/686545159/d0db5732f0bf8598f5c78fe013091517.jpg?ce=0&s=1024x768', 40),
(120, 'https://pix8.agoda.net/property/23997534/331055254/2a77bcb4f340daaa75a3532ebfb3902e.jpg?ca=18&ce=1&s=1024x768', 40),
(121, 'https://pix8.agoda.net/property/20041001/574085640/2569a38f011839f5558825b3a34db174.png?ce=0&s=1024x768', 41),
(122, 'https://pix8.agoda.net/hotelImages/568/5684454/5684454_18081411110067449009.jpg?ca=0&ce=1&s=1024x768', 41),
(123, 'https://pix8.agoda.net/hotelImages/5684454/-1/f467f0c4bcce7c2c76a2ac9b06aef9de.jpg?s=1024x768', 41);

-- --------------------------------------------------------

--
-- Cấu trúc bảng cho bảng `roomtypes`
--

CREATE TABLE `roomtypes` (
  `Id` int(11) NOT NULL,
  `Name` longtext NOT NULL,
  `Description` longtext NOT NULL,
  `Price` double NOT NULL,
  `HotelId` int(11) NOT NULL,
  `CreatedBy` longtext DEFAULT NULL,
  `CreatedAt` datetime(6) DEFAULT NULL,
  `ModifiedBy` longtext DEFAULT NULL,
  `ModifiedAt` datetime(6) DEFAULT NULL,
  `Availability` int(11) NOT NULL DEFAULT 0,
  `ReviewCount` int(11) NOT NULL DEFAULT 0,
  `ReviewRating` int(11) NOT NULL DEFAULT 0
) ENGINE=InnoDB DEFAULT CHARSET=utf8mb4 COLLATE=utf8mb4_general_ci;

--
-- Đang đổ dữ liệu cho bảng `roomtypes`
--

INSERT INTO `roomtypes` (`Id`, `Name`, `Description`, `Price`, `HotelId`, `CreatedBy`, `CreatedAt`, `ModifiedBy`, `ModifiedAt`, `Availability`, `ReviewCount`, `ReviewRating`) VALUES
(1, 'Phòng Rap', 'New range of formal shirts are designed keeping you in mind. With fits and styling that will make you stand apart', 3843.892, 1, 'Anonymous', '2023-10-27 20:53:16.010223', 'Anonymous', '2023-10-27 20:53:16.010223', 1, 1, 4),
(2, 'Phòng Pop', 'Andy shoes are designed to keeping in mind durability as well as trends, the most stylish range of shoes & sandals', 2358.816, 1, 'Anonymous', '2023-10-27 20:53:16.010255', 'Anonymous', '2023-10-27 20:53:16.010256', 3, 2, 4),
(3, 'Phòng Rap', 'The Nagasaki Lander is the trademarked name of several series of Nagasaki sport bikes, that started with the 1984 ABC800J', 1136.136, 1, 'Anonymous', '2023-10-27 20:53:16.010283', 'Anonymous', '2023-10-27 20:53:16.010283', 1, 4, 4),
(4, 'Phòng Latin', 'Ergonomic executive chair upholstered in bonded black leather and PVC padded seat and back for all-day comfort and support', 2834.863, 2, 'Anonymous', '2023-10-27 20:53:16.010341', 'Anonymous', '2023-10-27 20:53:16.010341', 3, 4, 5),
(5, 'Phòng Rap', 'The beautiful range of Apple Naturalé that has an exciting mix of natural ingredients. With the Goodness of 100% Natural Ingredients', 3936.001, 3, 'Anonymous', '2023-10-27 20:53:16.010394', 'Anonymous', '2023-10-27 20:53:16.010394', 1, 3, 4),
(6, 'Phòng Classical', 'Boston\'s most advanced compression wear technology increases muscle oxygenation, stabilizes active muscles', 1871.816, 3, 'Anonymous', '2023-10-27 20:53:16.010430', 'Anonymous', '2023-10-27 20:53:16.010431', 3, 1, 5),
(7, 'Phòng Stage And Screen', 'The Football Is Good For Training And Recreational Purposes', 3463.786, 3, 'Anonymous', '2023-10-27 20:53:16.010467', 'Anonymous', '2023-10-27 20:53:16.010467', 2, 1, 5),
(8, 'Phòng Folk', 'Andy shoes are designed to keeping in mind durability as well as trends, the most stylish range of shoes & sandals', 1354.571, 4, 'Anonymous', '2023-10-27 20:53:16.010512', 'Anonymous', '2023-10-27 20:53:16.010512', 2, 4, 4),
(9, 'Phòng Folk', 'The beautiful range of Apple Naturalé that has an exciting mix of natural ingredients. With the Goodness of 100% Natural Ingredients', 701.91, 4, 'Anonymous', '2023-10-27 20:53:16.010538', 'Anonymous', '2023-10-27 20:53:16.010538', 2, 1, 5),
(10, 'Phòng Electronic', 'Andy shoes are designed to keeping in mind durability as well as trends, the most stylish range of shoes & sandals', 719.268, 4, 'Anonymous', '2023-10-27 20:53:16.010552', 'Anonymous', '2023-10-27 20:53:16.010553', 2, 5, 4),
(11, 'Phòng Electronic', 'The Apollotech B340 is an affordable wireless mouse with reliable connectivity, 12 months battery life and modern design', 892.611, 5, 'Anonymous', '2023-10-27 20:53:16.010607', 'Anonymous', '2023-10-27 20:53:16.010607', 3, 2, 4),
(12, 'Phòng Soul', 'Carbonite web goalkeeper gloves are ergonomically designed to give easy fit', 1285.121, 6, 'Anonymous', '2023-10-27 20:53:16.010651', 'Anonymous', '2023-10-27 20:53:16.010651', 1, 3, 4),
(13, 'Phòng Non Music', 'Carbonite web goalkeeper gloves are ergonomically designed to give easy fit', 2136.776, 6, 'Anonymous', '2023-10-27 20:53:16.010672', 'Anonymous', '2023-10-27 20:53:16.010673', 1, 3, 5),
(14, 'Phòng Blues', 'The beautiful range of Apple Naturalé that has an exciting mix of natural ingredients. With the Goodness of 100% Natural Ingredients', 2517.395, 6, 'Anonymous', '2023-10-27 20:53:16.010686', 'Anonymous', '2023-10-27 20:53:16.010687', 3, 3, 4),
(15, 'Phòng Country', 'The slim & simple Maple Gaming Keyboard from Dev Byte comes with a sleek body and 7- Color RGB LED Back-lighting for smart functionality', 1886.195, 7, 'Anonymous', '2023-10-27 20:53:16.010711', 'Anonymous', '2023-10-27 20:53:16.010711', 1, 1, 5),
(16, 'Phòng Classical', 'New range of formal shirts are designed keeping you in mind. With fits and styling that will make you stand apart', 513.4, 7, 'Anonymous', '2023-10-27 20:53:16.010719', 'Anonymous', '2023-10-27 20:53:16.010719', 1, 0, 0),
(17, 'Phòng Hip Hop', 'The beautiful range of Apple Naturalé that has an exciting mix of natural ingredients. With the Goodness of 100% Natural Ingredients', 3305.727, 8, 'Anonymous', '2023-10-27 20:53:16.010738', 'Anonymous', '2023-10-27 20:53:16.010738', 1, 3, 4),
(18, 'Phòng Rap', 'New ABC 13 9370, 13.3, 5th Gen CoreA5-8250U, 8GB RAM, 256GB SSD, power UHD Graphics, OS 10 Home, OS Office A & J 2016', 459.077, 8, 'Anonymous', '2023-10-27 20:53:16.010747', 'Anonymous', '2023-10-27 20:53:16.010747', 2, 1, 5),
(19, 'Phòng Rap', 'Andy shoes are designed to keeping in mind durability as well as trends, the most stylish range of shoes & sandals', 998.103, 8, 'Anonymous', '2023-10-27 20:53:16.010751', 'Anonymous', '2023-10-27 20:53:16.010751', 3, 4, 4),
(20, 'Phòng Latin', 'The beautiful range of Apple Naturalé that has an exciting mix of natural ingredients. With the Goodness of 100% Natural Ingredients', 1395.397, 9, 'Anonymous', '2023-10-27 20:53:16.010768', 'Anonymous', '2023-10-27 20:53:16.010768', 1, 0, 0),
(21, 'Phòng Pop', 'The slim & simple Maple Gaming Keyboard from Dev Byte comes with a sleek body and 7- Color RGB LED Back-lighting for smart functionality', 2244.461, 9, 'Anonymous', '2023-10-27 20:53:16.010772', 'Anonymous', '2023-10-27 20:53:16.010772', 1, 2, 4),
(22, 'Phòng World', 'The Nagasaki Lander is the trademarked name of several series of Nagasaki sport bikes, that started with the 1984 ABC800J', 1879.106, 10, 'Anonymous', '2023-10-27 20:53:16.010788', 'Anonymous', '2023-10-27 20:53:16.010788', 1, 1, 4),
(23, 'Phòng Jazz', 'Boston\'s most advanced compression wear technology increases muscle oxygenation, stabilizes active muscles', 1659.205, 10, 'Anonymous', '2023-10-27 20:53:16.010793', 'Anonymous', '2023-10-27 20:53:16.010793', 3, 4, 4),
(24, 'Phòng Classical', 'The beautiful range of Apple Naturalé that has an exciting mix of natural ingredients. With the Goodness of 100% Natural Ingredients', 3667.164, 11, 'Anonymous', '2023-10-27 20:53:16.010807', 'Anonymous', '2023-10-27 20:53:16.010807', 3, 3, 4),
(25, 'Phòng World', 'The Nagasaki Lander is the trademarked name of several series of Nagasaki sport bikes, that started with the 1984 ABC800J', 646.757, 11, 'Anonymous', '2023-10-27 20:53:16.010813', 'Anonymous', '2023-10-27 20:53:16.010813', 2, 4, 4),
(26, 'Phòng Rock', 'The automobile layout consists of a front-engine design, with transaxle-type transmissions mounted at the rear of the engine and four wheel drive', 667.109, 12, 'Anonymous', '2023-10-27 20:53:16.010838', 'Anonymous', '2023-10-27 20:53:16.010838', 1, 2, 5),
(27, 'Phòng Stage And Screen', 'Andy shoes are designed to keeping in mind durability as well as trends, the most stylish range of shoes & sandals', 989.844, 12, 'Anonymous', '2023-10-27 20:53:16.010852', 'Anonymous', '2023-10-27 20:53:16.010852', 1, 4, 4),
(28, 'Phòng Classical', 'New range of formal shirts are designed keeping you in mind. With fits and styling that will make you stand apart', 3525.074, 12, 'Anonymous', '2023-10-27 20:53:16.010869', 'Anonymous', '2023-10-27 20:53:16.010869', 1, 0, 0),
(29, 'Phòng Classical', 'The Nagasaki Lander is the trademarked name of several series of Nagasaki sport bikes, that started with the 1984 ABC800J', 1734.516, 13, 'Anonymous', '2023-10-27 20:53:16.010897', 'Anonymous', '2023-10-27 20:53:16.010898', 2, 1, 5),
(30, 'Phòng Metal', 'Carbonite web goalkeeper gloves are ergonomically designed to give easy fit', 2091.174, 13, 'Anonymous', '2023-10-27 20:53:16.010920', 'Anonymous', '2023-10-27 20:53:16.010920', 1, 0, 0),
(31, 'Phòng Stage And Screen', 'Andy shoes are designed to keeping in mind durability as well as trends, the most stylish range of shoes & sandals', 3007.501, 14, 'Anonymous', '2023-10-27 20:53:16.010937', 'Anonymous', '2023-10-27 20:53:16.010937', 2, 0, 0),
(32, 'Phòng Reggae', 'The slim & simple Maple Gaming Keyboard from Dev Byte comes with a sleek body and 7- Color RGB LED Back-lighting for smart functionality', 3214.715, 15, 'Anonymous', '2023-10-27 20:53:16.010946', 'Anonymous', '2023-10-27 20:53:16.010947', 1, 5, 4),
(33, 'Phòng Latin', 'Ergonomic executive chair upholstered in bonded black leather and PVC padded seat and back for all-day comfort and support', 2743.603, 16, 'Anonymous', '2023-10-27 20:53:16.010960', 'Anonymous', '2023-10-27 20:53:16.010960', 3, 3, 4),
(34, 'Phòng Electronic', 'Andy shoes are designed to keeping in mind durability as well as trends, the most stylish range of shoes & sandals', 813.757, 17, 'Anonymous', '2023-10-27 20:53:16.010973', 'Anonymous', '2023-10-27 20:53:16.010973', 3, 0, 0),
(35, 'Phòng Stage And Screen', 'Andy shoes are designed to keeping in mind durability as well as trends, the most stylish range of shoes & sandals', 3951.192, 18, 'Anonymous', '2023-10-27 20:53:16.010995', 'Anonymous', '2023-10-27 20:53:16.010995', 1, 5, 4),
(36, 'Phòng Classical', 'The Football Is Good For Training And Recreational Purposes', 1948.058, 18, 'Anonymous', '2023-10-27 20:53:16.011015', 'Anonymous', '2023-10-27 20:53:16.011015', 2, 4, 4),
(37, 'Phòng Pop', 'The automobile layout consists of a front-engine design, with transaxle-type transmissions mounted at the rear of the engine and four wheel drive', 2223.047, 18, 'Anonymous', '2023-10-27 20:53:16.011035', 'Anonymous', '2023-10-27 20:53:16.011035', 3, 3, 4),
(38, 'Phòng Non Music', 'New ABC 13 9370, 13.3, 5th Gen CoreA5-8250U, 8GB RAM, 256GB SSD, power UHD Graphics, OS 10 Home, OS Office A & J 2016', 3805.349, 19, 'Anonymous', '2023-10-27 20:53:16.011050', 'Anonymous', '2023-10-27 20:53:16.011050', 3, 1, 5),
(39, 'Phòng Non Music', 'Boston\'s most advanced compression wear technology increases muscle oxygenation, stabilizes active muscles', 3001.674, 20, 'Anonymous', '2023-10-27 20:53:16.011060', 'Anonymous', '2023-10-27 20:53:16.011060', 1, 3, 5),
(40, 'Phòng Reggae', 'The Apollotech B340 is an affordable wireless mouse with reliable connectivity, 12 months battery life and modern design', 1869.884, 20, 'Anonymous', '2023-10-27 20:53:16.011068', 'Anonymous', '2023-10-27 20:53:16.011068', 2, 4, 4),
(41, 'Phòng Electronic', 'Andy shoes are designed to keeping in mind durability as well as trends, the most stylish range of shoes & sandals', 997.348, 20, 'Anonymous', '2023-10-27 20:53:16.011078', 'Anonymous', '2023-10-27 20:53:16.011078', 2, 3, 5);

-- --------------------------------------------------------

--
-- Cấu trúc bảng cho bảng `__efmigrationshistory`
--

CREATE TABLE `__efmigrationshistory` (
  `MigrationId` varchar(150) NOT NULL,
  `ProductVersion` varchar(32) NOT NULL
) ENGINE=InnoDB DEFAULT CHARSET=utf8mb4 COLLATE=utf8mb4_general_ci;

--
-- Đang đổ dữ liệu cho bảng `__efmigrationshistory`
--

INSERT INTO `__efmigrationshistory` (`MigrationId`, `ProductVersion`) VALUES
('20231019161227_Init-Database', '7.0.11'),
('20231026182936_Update-Entity', '7.0.11'),
('20231027001642_UpdateEntity2', '7.0.11'),
('20231027202238_AddReviewCountToRoomtype', '7.0.11');

--
-- Chỉ mục cho các bảng đã đổ
--

--
-- Chỉ mục cho bảng `addresses`
--
ALTER TABLE `addresses`
  ADD PRIMARY KEY (`Id`),
  ADD UNIQUE KEY `IX_Addresses_HotelId` (`HotelId`),
  ADD KEY `IX_Addresses_AreaId` (`AreaId`),
  ADD KEY `IX_Addresses_CityId` (`CityId`),
  ADD KEY `IX_Addresses_CountryId` (`CountryId`);

--
-- Chỉ mục cho bảng `areas`
--
ALTER TABLE `areas`
  ADD PRIMARY KEY (`Id`),
  ADD KEY `IX_Areas_CityId` (`CityId`);

--
-- Chỉ mục cho bảng `categories`
--
ALTER TABLE `categories`
  ADD PRIMARY KEY (`Id`);

--
-- Chỉ mục cho bảng `cities`
--
ALTER TABLE `cities`
  ADD PRIMARY KEY (`Id`),
  ADD KEY `IX_Cities_CountryId` (`CountryId`);

--
-- Chỉ mục cho bảng `countries`
--
ALTER TABLE `countries`
  ADD PRIMARY KEY (`Id`);

--
-- Chỉ mục cho bảng `facilities`
--
ALTER TABLE `facilities`
  ADD PRIMARY KEY (`Id`);

--
-- Chỉ mục cho bảng `groups`
--
ALTER TABLE `groups`
  ADD PRIMARY KEY (`Id`);

--
-- Chỉ mục cho bảng `guests`
--
ALTER TABLE `guests`
  ADD PRIMARY KEY (`Id`);

--
-- Chỉ mục cho bảng `hotelfacilityhighlights`
--
ALTER TABLE `hotelfacilityhighlights`
  ADD PRIMARY KEY (`Id`),
  ADD KEY `IX_HotelFacilityHighlights_FacilityId` (`FacilityId`),
  ADD KEY `IX_HotelFacilityHighlights_HotelId` (`HotelId`);

--
-- Chỉ mục cho bảng `hotelgroupfacilities`
--
ALTER TABLE `hotelgroupfacilities`
  ADD PRIMARY KEY (`Id`),
  ADD KEY `IX_HotelGroupFacilities_FacilityId` (`FacilityId`),
  ADD KEY `IX_HotelGroupFacilities_HotelGroupId` (`HotelGroupId`);

--
-- Chỉ mục cho bảng `hotelgroups`
--
ALTER TABLE `hotelgroups`
  ADD PRIMARY KEY (`Id`),
  ADD KEY `IX_HotelGroups_GroupId` (`GroupId`),
  ADD KEY `IX_HotelGroups_HotelId` (`HotelId`);

--
-- Chỉ mục cho bảng `hotelimages`
--
ALTER TABLE `hotelimages`
  ADD PRIMARY KEY (`Id`),
  ADD KEY `IX_HotelImages_HotelId` (`HotelId`);

--
-- Chỉ mục cho bảng `hotels`
--
ALTER TABLE `hotels`
  ADD PRIMARY KEY (`Id`),
  ADD KEY `IX_Hotels_CategoryId` (`CategoryId`);

--
-- Chỉ mục cho bảng `payments`
--
ALTER TABLE `payments`
  ADD PRIMARY KEY (`Id`),
  ADD UNIQUE KEY `IX_Payments_ReservationId` (`ReservationId`);

--
-- Chỉ mục cho bảng `reservationdetails`
--
ALTER TABLE `reservationdetails`
  ADD PRIMARY KEY (`Id`),
  ADD KEY `IX_ReservationDetails_ReservationId` (`ReservationId`),
  ADD KEY `IX_ReservationDetails_RoomTypeId` (`RoomTypeId`);

--
-- Chỉ mục cho bảng `reservations`
--
ALTER TABLE `reservations`
  ADD PRIMARY KEY (`Id`),
  ADD KEY `IX_Reservations_GuestId` (`GuestId`);

--
-- Chỉ mục cho bảng `reviews`
--
ALTER TABLE `reviews`
  ADD PRIMARY KEY (`Id`),
  ADD UNIQUE KEY `IX_Reviews_ReservationDetailId` (`ReservationDetailId`);

--
-- Chỉ mục cho bảng `roomtypegroupfacilities`
--
ALTER TABLE `roomtypegroupfacilities`
  ADD PRIMARY KEY (`Id`),
  ADD KEY `IX_RoomTypeGroupFacilities_FacilityId` (`FacilityId`),
  ADD KEY `IX_RoomTypeGroupFacilities_RoomTypeGroupId` (`RoomTypeGroupId`);

--
-- Chỉ mục cho bảng `roomtypegroups`
--
ALTER TABLE `roomtypegroups`
  ADD PRIMARY KEY (`Id`),
  ADD KEY `IX_RoomTypeGroups_GroupId` (`GroupId`),
  ADD KEY `IX_RoomTypeGroups_RoomTypeId` (`RoomTypeId`);

--
-- Chỉ mục cho bảng `roomtypeimages`
--
ALTER TABLE `roomtypeimages`
  ADD PRIMARY KEY (`Id`),
  ADD KEY `IX_RoomTypeImages_RoomTypeId` (`RoomTypeId`);

--
-- Chỉ mục cho bảng `roomtypes`
--
ALTER TABLE `roomtypes`
  ADD PRIMARY KEY (`Id`),
  ADD KEY `IX_RoomTypes_HotelId` (`HotelId`);

--
-- Chỉ mục cho bảng `__efmigrationshistory`
--
ALTER TABLE `__efmigrationshistory`
  ADD PRIMARY KEY (`MigrationId`);

--
-- AUTO_INCREMENT cho các bảng đã đổ
--

--
-- AUTO_INCREMENT cho bảng `addresses`
--
ALTER TABLE `addresses`
  MODIFY `Id` int(11) NOT NULL AUTO_INCREMENT, AUTO_INCREMENT=221;

--
-- AUTO_INCREMENT cho bảng `areas`
--
ALTER TABLE `areas`
  MODIFY `Id` int(11) NOT NULL AUTO_INCREMENT, AUTO_INCREMENT=148326;

--
-- AUTO_INCREMENT cho bảng `categories`
--
ALTER TABLE `categories`
  MODIFY `Id` int(11) NOT NULL AUTO_INCREMENT, AUTO_INCREMENT=7;

--
-- AUTO_INCREMENT cho bảng `cities`
--
ALTER TABLE `cities`
  MODIFY `Id` int(11) NOT NULL AUTO_INCREMENT, AUTO_INCREMENT=21;

--
-- AUTO_INCREMENT cho bảng `countries`
--
ALTER TABLE `countries`
  MODIFY `Id` int(11) NOT NULL AUTO_INCREMENT, AUTO_INCREMENT=10;

--
-- AUTO_INCREMENT cho bảng `facilities`
--
ALTER TABLE `facilities`
  MODIFY `Id` int(11) NOT NULL AUTO_INCREMENT, AUTO_INCREMENT=127;

--
-- AUTO_INCREMENT cho bảng `groups`
--
ALTER TABLE `groups`
  MODIFY `Id` int(11) NOT NULL AUTO_INCREMENT, AUTO_INCREMENT=20;

--
-- AUTO_INCREMENT cho bảng `guests`
--
ALTER TABLE `guests`
  MODIFY `Id` int(11) NOT NULL AUTO_INCREMENT, AUTO_INCREMENT=11;

--
-- AUTO_INCREMENT cho bảng `hotelfacilityhighlights`
--
ALTER TABLE `hotelfacilityhighlights`
  MODIFY `Id` int(11) NOT NULL AUTO_INCREMENT, AUTO_INCREMENT=101;

--
-- AUTO_INCREMENT cho bảng `hotelgroupfacilities`
--
ALTER TABLE `hotelgroupfacilities`
  MODIFY `Id` int(11) NOT NULL AUTO_INCREMENT, AUTO_INCREMENT=474;

--
-- AUTO_INCREMENT cho bảng `hotelgroups`
--
ALTER TABLE `hotelgroups`
  MODIFY `Id` int(11) NOT NULL AUTO_INCREMENT, AUTO_INCREMENT=221;

--
-- AUTO_INCREMENT cho bảng `hotelimages`
--
ALTER TABLE `hotelimages`
  MODIFY `Id` int(11) NOT NULL AUTO_INCREMENT, AUTO_INCREMENT=261;

--
-- AUTO_INCREMENT cho bảng `hotels`
--
ALTER TABLE `hotels`
  MODIFY `Id` int(11) NOT NULL AUTO_INCREMENT, AUTO_INCREMENT=221;

--
-- AUTO_INCREMENT cho bảng `payments`
--
ALTER TABLE `payments`
  MODIFY `Id` int(11) NOT NULL AUTO_INCREMENT;

--
-- AUTO_INCREMENT cho bảng `reservationdetails`
--
ALTER TABLE `reservationdetails`
  MODIFY `Id` int(11) NOT NULL AUTO_INCREMENT, AUTO_INCREMENT=99;

--
-- AUTO_INCREMENT cho bảng `reservations`
--
ALTER TABLE `reservations`
  MODIFY `Id` int(11) NOT NULL AUTO_INCREMENT, AUTO_INCREMENT=99;

--
-- AUTO_INCREMENT cho bảng `reviews`
--
ALTER TABLE `reviews`
  MODIFY `Id` int(11) NOT NULL AUTO_INCREMENT, AUTO_INCREMENT=99;

--
-- AUTO_INCREMENT cho bảng `roomtypegroupfacilities`
--
ALTER TABLE `roomtypegroupfacilities`
  MODIFY `Id` int(11) NOT NULL AUTO_INCREMENT, AUTO_INCREMENT=683;

--
-- AUTO_INCREMENT cho bảng `roomtypegroups`
--
ALTER TABLE `roomtypegroups`
  MODIFY `Id` int(11) NOT NULL AUTO_INCREMENT, AUTO_INCREMENT=329;

--
-- AUTO_INCREMENT cho bảng `roomtypeimages`
--
ALTER TABLE `roomtypeimages`
  MODIFY `Id` int(11) NOT NULL AUTO_INCREMENT, AUTO_INCREMENT=124;

--
-- AUTO_INCREMENT cho bảng `roomtypes`
--
ALTER TABLE `roomtypes`
  MODIFY `Id` int(11) NOT NULL AUTO_INCREMENT, AUTO_INCREMENT=42;

--
-- Các ràng buộc cho các bảng đã đổ
--

--
-- Các ràng buộc cho bảng `addresses`
--
ALTER TABLE `addresses`
  ADD CONSTRAINT `FK_Addresses_Areas_AreaId` FOREIGN KEY (`AreaId`) REFERENCES `areas` (`Id`) ON DELETE CASCADE,
  ADD CONSTRAINT `FK_Addresses_Cities_CityId` FOREIGN KEY (`CityId`) REFERENCES `cities` (`Id`) ON DELETE CASCADE,
  ADD CONSTRAINT `FK_Addresses_Countries_CountryId` FOREIGN KEY (`CountryId`) REFERENCES `countries` (`Id`) ON DELETE CASCADE,
  ADD CONSTRAINT `FK_Addresses_Hotels_HotelId` FOREIGN KEY (`HotelId`) REFERENCES `hotels` (`Id`) ON DELETE CASCADE;

--
-- Các ràng buộc cho bảng `areas`
--
ALTER TABLE `areas`
  ADD CONSTRAINT `FK_Areas_Cities_CityId` FOREIGN KEY (`CityId`) REFERENCES `cities` (`Id`) ON DELETE CASCADE;

--
-- Các ràng buộc cho bảng `cities`
--
ALTER TABLE `cities`
  ADD CONSTRAINT `FK_Cities_Countries_CountryId` FOREIGN KEY (`CountryId`) REFERENCES `countries` (`Id`) ON DELETE CASCADE;

--
-- Các ràng buộc cho bảng `hotelfacilityhighlights`
--
ALTER TABLE `hotelfacilityhighlights`
  ADD CONSTRAINT `FK_HotelFacilityHighlights_Facilities_FacilityId` FOREIGN KEY (`FacilityId`) REFERENCES `facilities` (`Id`) ON DELETE CASCADE,
  ADD CONSTRAINT `FK_HotelFacilityHighlights_Hotels_HotelId` FOREIGN KEY (`HotelId`) REFERENCES `hotels` (`Id`) ON DELETE CASCADE;

--
-- Các ràng buộc cho bảng `hotelgroupfacilities`
--
ALTER TABLE `hotelgroupfacilities`
  ADD CONSTRAINT `FK_HotelGroupFacilities_Facilities_FacilityId` FOREIGN KEY (`FacilityId`) REFERENCES `facilities` (`Id`) ON DELETE CASCADE,
  ADD CONSTRAINT `FK_HotelGroupFacilities_HotelGroups_HotelGroupId` FOREIGN KEY (`HotelGroupId`) REFERENCES `hotelgroups` (`Id`) ON DELETE CASCADE;

--
-- Các ràng buộc cho bảng `hotelgroups`
--
ALTER TABLE `hotelgroups`
  ADD CONSTRAINT `FK_HotelGroups_Groups_GroupId` FOREIGN KEY (`GroupId`) REFERENCES `groups` (`Id`) ON DELETE CASCADE,
  ADD CONSTRAINT `FK_HotelGroups_Hotels_HotelId` FOREIGN KEY (`HotelId`) REFERENCES `hotels` (`Id`) ON DELETE CASCADE;

--
-- Các ràng buộc cho bảng `hotelimages`
--
ALTER TABLE `hotelimages`
  ADD CONSTRAINT `FK_HotelImages_Hotels_HotelId` FOREIGN KEY (`HotelId`) REFERENCES `hotels` (`Id`) ON DELETE CASCADE;

--
-- Các ràng buộc cho bảng `hotels`
--
ALTER TABLE `hotels`
  ADD CONSTRAINT `FK_Hotels_Categories_CategoryId` FOREIGN KEY (`CategoryId`) REFERENCES `categories` (`Id`) ON DELETE CASCADE;

--
-- Các ràng buộc cho bảng `payments`
--
ALTER TABLE `payments`
  ADD CONSTRAINT `FK_Payments_Reservations_ReservationId` FOREIGN KEY (`ReservationId`) REFERENCES `reservations` (`Id`) ON DELETE CASCADE;

--
-- Các ràng buộc cho bảng `reservationdetails`
--
ALTER TABLE `reservationdetails`
  ADD CONSTRAINT `FK_ReservationDetails_Reservations_ReservationId` FOREIGN KEY (`ReservationId`) REFERENCES `reservations` (`Id`) ON DELETE CASCADE,
  ADD CONSTRAINT `FK_ReservationDetails_RoomTypes_RoomTypeId` FOREIGN KEY (`RoomTypeId`) REFERENCES `roomtypes` (`Id`) ON DELETE CASCADE;

--
-- Các ràng buộc cho bảng `reservations`
--
ALTER TABLE `reservations`
  ADD CONSTRAINT `FK_Reservations_Guests_GuestId` FOREIGN KEY (`GuestId`) REFERENCES `guests` (`Id`) ON DELETE CASCADE;

--
-- Các ràng buộc cho bảng `reviews`
--
ALTER TABLE `reviews`
  ADD CONSTRAINT `FK_Reviews_ReservationDetails_ReservationDetailId` FOREIGN KEY (`ReservationDetailId`) REFERENCES `reservationdetails` (`Id`) ON DELETE CASCADE;

--
-- Các ràng buộc cho bảng `roomtypegroupfacilities`
--
ALTER TABLE `roomtypegroupfacilities`
  ADD CONSTRAINT `FK_RoomTypeGroupFacilities_Facilities_FacilityId` FOREIGN KEY (`FacilityId`) REFERENCES `facilities` (`Id`) ON DELETE CASCADE,
  ADD CONSTRAINT `FK_RoomTypeGroupFacilities_RoomTypeGroups_RoomTypeGroupId` FOREIGN KEY (`RoomTypeGroupId`) REFERENCES `roomtypegroups` (`Id`) ON DELETE CASCADE;

--
-- Các ràng buộc cho bảng `roomtypegroups`
--
ALTER TABLE `roomtypegroups`
  ADD CONSTRAINT `FK_RoomTypeGroups_Groups_GroupId` FOREIGN KEY (`GroupId`) REFERENCES `groups` (`Id`) ON DELETE CASCADE,
  ADD CONSTRAINT `FK_RoomTypeGroups_RoomTypes_RoomTypeId` FOREIGN KEY (`RoomTypeId`) REFERENCES `roomtypes` (`Id`) ON DELETE CASCADE;

--
-- Các ràng buộc cho bảng `roomtypeimages`
--
ALTER TABLE `roomtypeimages`
  ADD CONSTRAINT `FK_RoomTypeImages_RoomTypes_RoomTypeId` FOREIGN KEY (`RoomTypeId`) REFERENCES `roomtypes` (`Id`) ON DELETE CASCADE;

--
-- Các ràng buộc cho bảng `roomtypes`
--
ALTER TABLE `roomtypes`
  ADD CONSTRAINT `FK_RoomTypes_Hotels_HotelId` FOREIGN KEY (`HotelId`) REFERENCES `hotels` (`Id`) ON DELETE CASCADE;
COMMIT;

/*!40101 SET CHARACTER_SET_CLIENT=@OLD_CHARACTER_SET_CLIENT */;
/*!40101 SET CHARACTER_SET_RESULTS=@OLD_CHARACTER_SET_RESULTS */;
/*!40101 SET COLLATION_CONNECTION=@OLD_COLLATION_CONNECTION */;
